,col1,col2,col3
0,东欧组合5战1胜 Skip：东契奇感觉不再是老大,北京时间3月2日，昨天东欧组合参加了二人合并以来第5场比赛，2分惜败于步行者。东欧组合成型以来，二人合并的比赛1胜4负，仅赢了马刺。Skip Bayless赛后表示，东契奇已感觉自己不是达拉斯的老大了。昨日NBA常规赛，独行侠在主场以122-124惜败于步行者。比赛最后时刻，欧文后撤步绝杀三分打到前筐，独行侠2分惜败！对此，Skip在自己的节目《UNDISPUTED》中说道：“我现在很尊重东契奇在禁区得分的那种基因。我有一种强烈的感觉，东契奇现在情绪不佳。比如，在波士顿，塔图姆是球队老大，我喜欢杰伦-布朗，但我认为塔图姆是老大。而达拉斯曾经的老大是东契奇。现在他们（东欧）在一起已经打了5场比赛了。在这五场比赛的第四节和加时赛，欧文共出手了41次，而东契奇共出手30次。东契奇不再是达拉斯独行侠的老大了。”（魑魅）,篮球
1,大将军：大鲨鱼被大梦暴揍 就像怀斯曼被群殴,北京时间3月2日，近日，前NBA球员阿里纳斯在《Gil‘s Arena》节目中谈到了当年奥拉朱旺暴揍奥尼尔，就像约基奇、恩比德、扬尼斯-阿德托昆博痛揍怀斯曼。阿里纳斯表示：“80年代的奥拉朱旺能打败90年代的奥拉朱旺吗？不能。然后又有人说奥拉朱旺在总决赛打爆了奥尼尔，奥拉朱旺前一年刚拿了MVP，奥尼尔才三年级，这就好比约基奇、恩比德、扬尼斯打爆怀斯曼一样。很明显，这TM很明显啊，你说的都是废话。”1995年总决赛，火箭4-0横扫魔术夺冠，奥拉朱旺的数据为32.8分11.5篮板5助攻2抢断2盖帽，奥尼尔则为28分12.5篮板6.3助攻0.3抢断2.5盖帽。拿怀斯曼来和奥尼尔作比较有些过，阿里纳斯应该说的只是二人实力上的差距。（魑魅）,篮球
2,KD：我有1000场比赛没打 感觉自己适应得很好,北京时间3月2日，NBA常规赛继续，太阳在客场以105-91战胜黄蜂。赛后本场伤愈复出迎来太阳首秀的杜兰特在场边接受了采访。谈到首秀时，杜兰特打趣道：“我很紧张，我有1000场比赛没打了。今天我很紧张。来到一支新的球队、新的团队，我想表现好，为他们努力打球，并听从教练指导。”杜兰特上一次出战是在1月9日。此役，杜兰特上阵26分钟15投10中，三分4中2、罚球1中1，拿下23分6篮板2助攻2盖帽，正负值为+13。赛后，杜兰特在接受采访时表示：“我感觉自己适应得相当好，场上每位队友都努力让我尽可能的打球舒服，我只需要保持下去，伙计。”“我觉得我融入得很好，每个人都在尽量让我打得更自如。我得继续努力，伙计。随着比赛的进行，我穿这件球衣就会看起来正常了。”（魑魅）,篮球
3,英格拉姆40分利拉德41分 鹈鹕胜开拓者止4连败,北京时间3月2日，NBA常规赛，鹈鹕121-110力克开拓者，鹈鹕终结4连败。鹈鹕（31-32）：英格拉姆40分6篮板5助攻、麦科勒姆24分7篮板7助攻、海斯15分4篮板开拓者（29-33）：利拉德41分8篮板、格兰特28分4篮板3助攻、雷迪什13分3篮板、塞布尔12分8篮板4助攻4盖帽首节比赛，双方比分焦灼，英格拉姆单节14分，鹈鹕仍然落后2分结束首节。第二节，分差依旧没有拉开。半场结束时，开拓者领先鹈鹕3分。第三节，双方展开对轰，比分交替领先，利拉德单节得到15分仍拉不开比分。末节，开拓者失准，鹈鹕完成反超并逐渐取得两位数的领先。最终，鹈鹕121-110力克开拓者。（修楚）,篮球
4,[NBA]湖人123-117雷霆,,篮球
5,[NBA]灰熊113-99火箭,,篮球
6,[NBA]魔术117-139雄鹿,,篮球
7,[NBA]骑士113-117绿军 塔图姆41分+11板,,篮球
8,[NBA]篮网118-142尼克斯,,篮球
9,字母哥31分霍勒迪23+9 雄鹿克魔术豪取16连胜,北京时间3月2日，NBA常规赛，雄鹿139-117魔术，雄鹿豪取16连胜继续稳居联盟第一。雄鹿（45-17）：字母哥31分7篮板6助攻、霍勒迪23分4篮板9助攻、洛佩斯18分3篮板、英格尔斯16分、格林12分、阿伦12分5篮板4助攻、康诺顿10分6篮板魔术（26-37）：安东尼28分7篮板4助攻、富尔茨21分7篮板5助攻、温德尔-卡特19分10篮板、小瓦格纳18分、班凯罗9分7篮板5助攻首节比赛，雄鹿占得先机，节末魔术不断追分，雄鹿领先2分结束第一节。第二节，双方展开对轰，雄鹿单节攻下45分。半场结束时，雄鹿领先魔术10分。第三节，雄鹿继续拉大分差。末节，分差被越拉越大，比赛失去悬念进入垃圾时间。最终，雄鹿139-117魔术。（修楚）,篮球
10,湖人取胜后排名升至西部第11 距前十仅0.5胜场,北京时间3月2日，NBA常规赛，湖人123-117险胜雷霆。在本场战胜雷霆之后，湖人的战绩来到30胜33负，超越开拓者，从西部第12升至西部第11。湖人目前距离西部第10的鹈鹕（30胜32负）仅差0.5个胜场，距离西部第6的快船（33胜31负）差2.5个胜场。湖人的下一场比赛将是在后天主场迎战森林狼。（修楚）,篮球
11,施罗德26分里维斯19分 湖人6人上双力克雷霆,北京时间3月2日，NBA常规赛，湖人123-117险胜雷霆，雷霆遭遇5连败。湖人（30-33）：施罗德26分6助攻、里维斯19分4助攻、布朗19分4助攻、沃克13分、班巴12分7篮板、比斯利11分6篮板、八村塁9分9篮板3盖帽、加布里埃尔5分10篮板、范德比尔特7分4篮板、雷霆（28-34）：杰伦-威廉姆斯24分4篮板7助攻、吉迪22分9篮板11助攻、多特19分、乔15分3助攻、萨里奇13分本场比赛，浓眉因伤缺阵，詹姆斯和拉塞尔也继续休战。首节比赛，湖人打出高潮取得领先，雷霆节末追上比分，首节结束时分差仅有1分。第二节，雷霆节末打出小高潮取得领先。半场结束时，雷霆领先湖人3分。第三节，湖人在节末连中三分打出高潮，领先6分进入最后一节。末节，湖人延续出色状态，将分差拉大到两位数。关键时刻，雷霆不断追分，施罗德和里维斯不断罚球命中帮助湖人稳住局势。最终，湖人123-117险胜雷霆。（修楚）,篮球
12,贝恩30+9莫兰特20+7+7 灰熊3连胜送火箭11连败,北京时间3月2日，NBA常规赛，灰熊113-99大胜火箭，灰熊3连胜，火箭11连败。灰熊（38-23）：贝恩30分9篮板6助攻、莫兰特20分7篮板7助攻、小贾伦17分4篮板5盖帽、狄龙16分3篮板火箭（13-49）：格林20分3篮板3助攻、小马丁19分6篮板、申京11分8篮板5助攻、小波特11分5篮板、泰特11分3篮板、伊森10分7篮板首节比赛，莫兰特和杰伦-格林对飙，灰熊取得6分领先。第二节，火箭打出高潮完成反超，灰熊节末再度取得领先。半场结束时，灰熊领先火箭3分。第三节，灰熊找到状态，单节轰下38分，单节赢火箭14分。末节，火箭努力追分但无法缩小分差。最终，灰熊113-99大胜火箭。（修楚）,篮球
13,塔图姆41+11米切尔空砍44分 凯尔特人力克骑士,北京时间3月2日，NBA常规赛，凯尔特人117-113力克骑士。凯尔特人（45-18）：塔图姆41分11篮板8助攻、霍福德23分11篮板3助攻、布朗16分3篮板4助攻、斯玛特14分、罗威11分11篮板3助攻，骑士（39-26）：米切尔44分4篮板5助攻，加兰29分3篮板9助攻4抢断、莫布里12分13篮板、勒韦尔10分6篮板3助攻首节比赛，双方比分焦灼，霍福德与加兰各自率队上分。第二节，塔图姆单节砍下15分率领凯尔特人在半场结束时取得3分领先。第三节，塔图姆延续出色状态单节砍下18分，率领凯尔特人轰下41分的单节比分。米切尔单节也得到19分，但除他之外骑士球员一共只得到7分。末节比赛，骑士打出高潮不断缩小分差，无奈凯尔特人前三节领先优势更多。最终，凯尔特人117-113力克骑士。（修楚）,篮球
14,布伦森39分黄忠33分 尼克斯7连胜送篮网4连败,北京时间3月2日，NBA常规赛，尼克斯142-118大胜篮网，尼克斯取得7连胜，篮网遭遇4连败。尼克斯（37-27）：布伦森39分5篮板6助攻、格莱姆斯22分3篮板、兰德尔21分8篮板8助攻、米切尔-罗宾逊13分10篮板、巴雷特15分、奎克利15分3篮板篮网（34-28）：卡梅隆-约翰逊33分、布里奇斯21分3篮板3助攻、托马斯15分、丁威迪11分10助攻、库里10分首节比赛，布伦森单节8中6砍下16分，尼克斯全队火力全开单节轰下47分，领先篮网18分。第二节，尼克斯继续扩大分差，半场结束时已经领先篮网24分，布伦森半场14中12轰下30分。第三节，篮网努力追分，但一直无法缩小分差。末节，比赛进入垃圾时间。最终，尼克斯142-118大胜篮网。（修楚）,篮球
15,[NBA]76人119-96热火,,篮球
16,恩比德缺阵哈登率队单节赢22分 76人大胜热火,北京时间3月2日，NBA常规赛，76人119-96大胜热火。76人（40-21）：哈登23分7篮板5助攻、马克西27分4篮板7助攻、托比亚斯-哈里斯18分6篮板5助攻、里德16分14篮板、米尔顿12分热火（33-30）：阿德巴约20分8篮板、巴特勒16分3篮板3助攻、斯特鲁斯13分5篮板、希罗11分6助攻、本场比赛，恩比德缺阵，哈登单核率队。首节比赛，双方展开对轰，热火取得4分领先。第二节，热火突然陷入得分荒单节仅得到15分，哈登则单节砍下15分率领76人打出高潮，单节赢下22分。半场结束时，76人领先热火18分。下半场，热火仍然火力不继，分差被继续拉大，76人轻松取得大胜。最终，76人119-96大胜热火。（修楚）,篮球
17,[NBA]公牛117-115活塞 拉文41分,,篮球
18,[NBA]太阳105-91黄蜂 杜兰特首秀23分,,篮球
19,哈登今夏或考虑重返火箭 在休城才能做回自己,北京时间3月2日，据相关媒体报道，詹姆斯-哈登在去年夏天选择跳出合同之后，与费城76人完成了降薪续约。今年夏天他还将面临球员选项，很可能考虑重返火箭队。火箭队跟队记者Kelly Iko爆料，在离开球队近三年的时间里，哈登并没有放弃过回到休斯顿打球的念想。之前双方相互告别时属于和平分手，并没有关系彻底僵化。休斯顿是他真正做回自己的地方，他在球队有话语权，可以去俱乐部活动，也可以乘坐私人飞机前往拉斯维加斯，还可以缺席训练。哈登本赛季的薪水为3300万美元，今年夏天他有权跳出合同，成为自由球员。（珅葳）,篮球
20,拉文41分博格达诺维奇34分 公牛送活塞6连败,北京时间3月2日，NBA常规赛，公牛117-115险胜活塞，活塞遭遇6连败。公牛（29-34）：拉文41分、德罗赞21分7篮板7助攻、怀特14分5助攻、武切维奇12分9篮板、帕威11分、贝弗利5分10篮板10助攻4抢断1封盖活塞（15-48）：博格达诺维奇34分6篮板3助攻、迪亚洛19分、艾维18分4篮板、海斯11分7助攻、伯克斯11分4篮板、怀斯曼7分9篮板首节比赛，公牛占得先机很快取得两位数领先，活塞不断追分，首节结束时分差仅有2分。第二节，活塞陷入得分荒，单节仅得到18分。半场结束时，公牛领先活塞15分。第三节，分差很快超过20分，活塞努力追分。末节，公牛手感不佳，活塞打出高潮追上比分。最后时刻，活塞落后2分，拥有绝杀机会。但是最后一攻，他们无法成功发出球来，活塞新秀艾维在没有暂停的情况下喊了暂停，被吹罚技术犯规，公牛获得一次罚球加上球权，连续命中3记罚球。随后活塞虽然三分打中，但已没有时间犯规，遗憾失利。最终，公牛117-115险胜活塞。（修楚）,篮球
21,杜兰特首秀23分布克37分 太阳轻松战胜黄蜂,北京时间3月2日，NBA常规赛，太阳105-91轻松战胜黄蜂。太阳（34-29）：布克37分6篮板7助攻、杜兰特23分6篮板、艾顿16分16篮板4助攻、保罗2分211助攻黄蜂（20-44）：乌布雷26分9篮板、罗齐尔20分6篮板5助攻、海沃德15分4助攻、马克-威廉姆斯11分10篮板本场比赛，杜兰特正式迎来太阳首秀。首节比赛，太阳跟快展现出豪华阵容的威力，打出11-0的完美开局。黄蜂全民皆兵在首节结束前将分差追到仅剩5分。第二节，太阳继续拉大分差，很快取得了20分的领先。半场结束时，太阳没有一次罚球仍能领先黄蜂16分。第三节，太阳几位巨头强行配合出现不少失误，黄蜂逐渐缩小分差。布克开启得分模式稳住局势。末节，分差始终保持在10分左右，黄蜂无力缩小分差。最终，太阳105-91轻松战胜黄蜂。（修楚）,篮球
22,热火追威少前曾询专业人士意见 被告知别签他,北京时间3月2日，据相关媒体报道，在拉塞尔-威斯布鲁克被爵士队裁掉之前，很多球队都在讨论与其完成签约。其中迈阿密热火队也对威少有些兴趣，但是最终他们还是没有选择和威少签约。消息人士透露，热火队在他们较为信任的人对威少的意见，一位受热火队尊重的专业人士建议同行不要签下威少。于是热火队便放弃了追求威少的想法，最终快船队成功得到威少。本赛季威少一共代表快船队出战三次，场均贡献16分9.3次助攻和5.7个篮板2.3次抢断。（珅葳）,篮球
23,浓眉受伤无缘今日比赛 詹姆斯拉塞尔继续缺阵,北京时间3月2日，据著名NBA记者沙姆斯-查拉尼亚报道，湖人球星安东尼-戴维斯将缺席今日湖人客场挑战雷霆的比赛。昨日湖人对阵灰熊的比赛中，浓眉在和贝恩的争抢中撞到了膝盖，随后他坚持打完了比赛。今日，浓眉因腿伤将缺席湖人客场对阵雷霆的比赛。与此同时，勒布朗-詹姆斯和德安吉洛-拉塞尔也将继续缺阵。（修楚）,篮球
24,库里预计下周回归 或选择客场对阵湖人时复出,北京时间3月2日，据相关媒体报道，金州勇士队当家球星斯蒂芬-库里因伤已经缺席多场比赛，预计他将在下周的客场比赛中复出。ESPN篮球记者沃神爆料，勇士队球员库里预计会在下周的三连客比赛中复出，目前较为乐观的认为他会选择对阵湖人时出战。自2月5日库里遭遇腿伤之后，至今还没有打过一场比赛。休战即将一个月的库里，也做好了最后复出的准备。在接下来的三连客的比赛中，勇士队分别面对湖人、雷霆和灰熊。（珅葳）,篮球
25,字母哥：我表现出色不是理所当然 我也会受伤,北京时间3月1日，今日NBA常规赛，雄鹿在客场以118-104轻取篮网，豪取15连胜。字母哥本场复出，赛后他有很多话要说。赛后，字母哥接受了记者采访。当被问及是否球迷觉得他的高水平比赛是理所当然时，他说道：“是的，不过这没关系。我认为我不是第一个，也不是最后一个。我觉得人们把詹姆斯、杜兰特和库里的表现都视作理所当然。因为人们每天都能够看到这些伟大的东西，他们认为这是理所当然的，直到他们不再存在。而我只需要继续上场比赛，去享受篮球的乐趣。因为当我不再享受这个乐趣时，比赛就结束了。我无法控制别人的想法，如果他们认为这是理所当然的，我无法控制，但我不认为这一切是理所当然的。”字母哥承认，当他告诉身边的人自己受伤了，而别人都希望他能够从伤病中走出来、而且视他的高水准表现为理所当然时，他感到沮丧。他说道：“这是件坏事。当我回到家，告诉我的另一半，‘我受伤了。’她说，‘啊，你会没事儿的，因为你从来没有受伤过。’我觉得当我受伤时，人们不把这当真。但正如我所说过的，我之前谈论过这个，对我来说，如果我缺席了一场比赛，那意味着我很疼。归根结底，不管我能付出什么，我都会竭尽全力去付出。这就是我所能做的全部。“当我上场的时候，我会竭尽所能。对阵芝加哥的比赛，我就打了4-5分钟，这就是我所能打的时间。我在全明星赛就打了10秒，那是我那天所能打的时间。主场对阵迈阿密，我不知道我打了多久，但那就是全部了。今天，我只打了30分钟，这就是今天能打的全部的时间。如果我继续付出我所拥有的一切，我知道我不会认为这是理所当然的。如果其他人认为这是理所当然的，那是他们的观点，他们的心态，我能接受。”（魑魅）,篮球
26,乔治25分威少14+7+10 快船不敌森林狼3连败,北京时间3月1日，NBA常规赛，森林狼108-101险胜快船，快船遭遇3连败。森林狼（32-32）：麦克丹尼尔斯20分6篮板、爱德华兹18分4篮板3助攻、戈伯特16分7篮板、凯尔-安德森12分10篮板3助攻、里德12分8篮板、普林斯10分快船（33-31）：乔治25分6篮板3助攻、莱昂纳德23分5篮板5助攻、威少14分7篮板10助攻、鲍威尔13分、祖巴茨12分9篮板首节比赛，威少发挥出色，率领快船取得7分领先。第二节，快船手感下滑，森林狼替补阵容不断追分完成反超。半场结束， 森林狼领先快船2分。第三节，快船仍然找不到手感，单节仅得到19分，森林狼将分差拉大到两位数。末节，快船不断追分，但森林狼一直保持优势，威少关键三分命中为时已晚。最终，森林狼108-101险胜快船。（修楚）,篮球
27,[NBA]森林狼108-101快船,,篮球
28,[NBA]开拓者105-123勇士,,篮球
29,汤普森23+8利拉德25分 勇士大逆转战胜开拓者,北京时间3月1日，NBA常规赛，勇士123-105逆转战胜开拓者。开拓者（29-32）：利拉德25分3篮板7助攻、格兰特24分5篮板3助攻、塞布尔15分3篮板、夏普13分4篮板、雷迪什10分勇士（32-30）：普尔29分5篮板6助攻、克雷-汤普森23分8篮板4助攻、迪文琴佐21分4篮板3助攻、库明加16分3篮板、卢尼14分7篮板、追梦12分9篮板8助攻、首节比赛，利拉德单节砍下15分，率领开拓者轰出41分，领先勇士14分。第二节，勇士仍然未找到进攻状态，半场结束时，勇士落后开拓者17分。克雷-汤普森上半场手感不佳，10投进1中。第三节风云突变，开拓者陷入得分荒，单节仅得到17分，克雷-汤普森和普尔联手率领勇士完成反超。末节，开拓者的进攻依然找不到状态，勇士打出高潮将领先优势拉大到两位数。开拓者无力追击，比赛在最后时刻进入垃圾时间。最终，勇士在一度落后23分的情况下，最终以123-105战胜开拓者。（修楚）,篮球
30,[NBA]马刺102-94爵士,,篮球
31,[NBA]步行者124-122独行侠,,篮球
32,[NBA]国王123-117雷霆,,篮球
33,凯尔登25分马卡28+9 马刺险胜爵士终极16连败,北京时间3月1日，NBA常规赛，马刺102-94战胜爵士，马刺终结了队史最长的16连败。马刺（15-47）：凯尔登-约翰逊25分4篮板3助攻、麦克德莫特19分3篮板、索汉13分6篮板6助攻、格拉汉姆12分3助攻爵士（31-32）：马尔卡宁28分9篮板、塔克16分3篮板3助攻、邓恩11分3助攻、凯斯勒10分15篮板、奥利尼克8分10篮板首节比赛，爵士占得先机，马刺不断追分，首节结束时马刺反超并领先爵士2分。第二节，双方手感均不佳，单节打成18平。第三节，爵士完成反超。末节，双方将悬念保持到最后一刻，关键时刻爵士陷入得分荒，马刺打出小高潮直接带走比赛。最终，马刺102-94战胜爵士。（修楚）,篮球
34,哈利伯顿32分东契奇39+9+6 步行者险胜独行侠,北京时间3月1日，NBA常规赛，步行者124-122险胜独行侠。步行者（28-35）：哈利伯顿32分7篮板6助攻、特纳24分7篮板4盖帽、沃拉16分3篮板、内史密斯14分、史密斯11分9篮板、希尔德10分5篮板4助攻独行侠（32-31）：东契奇39分9篮板6助攻、欧文16分5篮板9助攻、哈达威16分4篮板，布洛克14分3篮板、伍德12分6篮板首节比赛，双方展开对轰，独行侠取得2分领先。第二节，步行者内外开花很快建立优势。半场结束时，步行者领先独行侠10分。第三节，双方对攻大战，独行侠单节得到39分但分差并没有缩小太多。末节，独行侠不断追分，关键时刻将分差追到仅剩2分，但多次错失反超机会。最终，步行者124-122险胜独行侠。（修楚）,篮球
35,[NBA]掘金133-112火箭 约基奇三双穆雷32分,,篮球
36,[NBA]奇才119-116老鹰 比尔37分7助,,篮球
37,[NBA]公牛98-104猛龙,,篮球
38,巴恩斯29+9小萨22+13+9 国王力克雷霆4连胜,北京时间3月1日，NBA常规赛，国王123-117力克雷霆，国王取得4连胜。国王（36-25）：巴恩斯29分9篮板3助攻、萨博尼斯22分13篮板9助攻、赫尔特20分4篮板9助攻、穆雷13分10篮板4助攻、米切尔15分4助攻、雷霆（28-33）：杰伦-威廉姆斯27分5篮板8助攻、萨里奇21分8篮板、多特11分3篮板、肯里奇11分4篮板5抢断、维金斯10分6篮板3助攻、曼恩10分首节比赛，双方展开对攻，国王单节得到44分，雷霆虽然也轰下38分，国王领先6分。第二节，双方手感下滑，但比分一直焦灼。半场结束时，国王领先雷霆5分。第三节，两边手感仍然不佳，分差仍保持在6分。末节比赛，雷霆一度将比分追平，巴恩斯率队再度取得两位数的领先。最终，国王123-117力克雷霆。（修楚）,篮球
39,[NBA]湖人109-121灰熊,,篮球
40,[NBA]雄鹿118-104篮网,,篮球
41,约基奇三双穆雷32+4+6 掘金大胜送火箭10连败,北京时间3月1日，NBA常规赛，掘金133-112大胜火箭，火箭遭遇10连败。掘金（44-19）：约基奇14分11篮板10助攻、穆雷32分4篮板6助攻、波特17分4篮板、布朗15分3篮板、波普14分6助攻、戈登11分7篮板5助攻火箭（13-48）：杰伦-格林17分5助攻、伊森17分12篮板、小马丁15分3篮板、尼克斯14分5助攻、华盛顿12分5助攻、克里斯托弗11分4篮板3助攻本场比赛，杰伦-格林和阿隆-戈登复出。首节比赛，掘金火力全开，穆雷单节轰下16分率领掘金单节轰下41分，掘金领先火箭11分。第二节，掘金继续拉大分差，半场结束时掘金已领先火箭20分。第三节，约基奇已经拿到三双，分差一直保持在20分左右。末节，比赛失去悬念进入垃圾时间。最终，掘金133-112大胜火箭。（修楚）,篮球
42,字母哥33+15布里奇斯31分 雄鹿逆转篮网15连胜,北京时间3月1日，NBA常规赛，雄鹿118-104逆转战胜篮网，雄鹿豪取15连胜继续排名联盟第一。雄鹿（44-17）：字母哥33分15篮板4助攻、米德尔顿18分4篮板6助攻、霍勒迪14分3篮板8助攻、洛佩斯13分10篮板、卡特11分篮网（34-27）：布里奇斯31分5助攻、丁威迪26分6篮板8助攻、约翰逊19分7篮板4抢断首节比赛，迎来字母哥复出的雄鹿状态不佳，布里奇斯单节11分率领篮网取得12分领先。第二节，雄鹿开始追分，布里奇斯继续率队稳住两位数的领先。半场结束时，篮网仍然领先雄鹿10分。第三节，字母哥开始发力率队单节轰下39分，篮网单节仅得到23分，雄鹿反超并领先6分。末节，雄鹿继续拉大分差，篮网进攻乏力。最终，雄鹿118-104逆转战胜篮网。（修楚）,篮球
43,比尔37分库兹马28分特雷-杨31+7 奇才险胜老鹰,北京时间3月1日，NBA常规赛，奇才119-116险胜老鹰。奇才（29-32）：比尔37分3篮板7助攻、库兹马28分3篮板、加福德13分12篮板、阿夫迪亚4分13篮板老鹰（31-31）：特雷-杨31分7助攻、博格丹16分、穆雷15分5助攻、亨特14分3篮板、卡佩拉13分15篮板3助攻、萨迪克-贝12分6篮板、科林斯10分4篮板首节比赛，双方打成27平。第二节，老鹰一度取得7分领先，赖特三罚全中。半场结束时，老鹰领先奇才4分。第三节，老鹰一度取得两位数的领先，奇才节末追分，老鹰领先5分进入最后一节。末节，库兹马和比尔率领奇才完成反超，最后时刻比尔和特雷-杨对飙三分，比尔关键中投命中，特雷-杨关键三分连续不中。最终，奇才119-116险胜老鹰。（修楚）,篮球
44,西亚卡姆20+8武切维奇23分 猛龙力克公牛,北京时间3月1日，NBA常规赛，猛龙104-98力克公牛。猛龙（31-32）：西亚卡姆20分8篮板3助攻、特伦特19分5篮板、阿努诺比17分8篮板、珀尔特尔14分3篮板、巴恩斯11分8篮板4助攻公牛（28-34）：武切维奇23分5篮板4助攻、拉文17分3助攻、德罗赞13分、贝弗利8分7篮板4助攻首节比赛，猛龙率先发力，公牛随后将比分追上。第二节，两队比分焦灼。半场结束时，公牛领先猛龙2分。第三节，双方比分交替领先。末节，猛龙逐渐发力取得领先。最终，猛龙104-98力克公牛。（修楚）,篮球
45,莫兰特三双浓眉28+19 詹姆斯缺阵湖人不敌灰熊,北京时间3月1日，NBA常规赛，灰熊121-109力克湖人，湖人3连胜被终结。灰熊（37-23）：莫兰特39分10篮板10助攻、蒂尔曼18分11篮板、小贾伦16分7篮板4盖帽、贝恩16分5篮板3助攻湖人（29-33）：戴维斯28分19篮板5盖帽、沃克21分4篮板、里维斯17分7助攻、比斯利12分3篮板、施罗德10分4篮板10助攻、本场比赛，詹姆斯因伤休战。上半场比赛，双方进攻状态一般，湖人半场出现15次失误，莫兰特上半场14投仅3中只得到6分，湖人凭借第二节末的小高潮取得领先。半场结束时，湖人领先灰熊3分。第三节比赛，莫兰特找到手感半节狂轰20分，第三节单节砍下28分，在莫兰特的率领下灰熊单节轰下47分，反超并领先湖人9分。末节比赛，湖人努力追分但无法追上，分差被逐渐拉大。最终，灰熊121-109力克湖人。（修楚）,篮球
46,猛龙签下威尔-巴顿 为腾位置裁掉赫尔南戈麦斯,北京时间3月1日，据著名NBA记者沙姆斯-查拉尼亚报道，猛龙签下锋卫摇摆人威尔-巴顿，裁掉中锋胡安-赫尔南戈麦斯。巴顿此前与奇才达成买断，澄清期过后与猛龙前行约。在被奇才买断前，巴顿共出战了40场比赛，场均得到7.7分2.8篮板2.4助攻。本赛季，胡安-埃尔南戈麦斯为猛龙出战42场，场均登场14.6分钟，得到2.9分2.9板。（修楚）,篮球
47,公牛裁掉老将德拉季奇 贝弗利到来后被弃用,北京时间3月1日，据著名NBA记者沙姆斯-查拉尼亚报道，公牛裁掉老将戈兰-德拉季奇。36岁的德拉季奇在去年休赛期加盟公牛，本赛季代表公牛出战51场，场均6.4分2.7助攻，三分命中率35.2%。近期贝弗利加盟公牛，德拉季奇已经被弃用，连续4场比赛没有登场。最终，公牛选择裁掉德拉季奇，这是双方共同的决定，德拉季奇可以加盟其他球队寻找机会。（修楚）,篮球
48,杜兰特明日迎来太阳生涯首秀 将会有时间限制,北京时间3月1日，太阳队官方宣布，球队新援凯文-杜兰特将在明日对阵黄蜂的比赛中迎来太阳生涯首秀。杜兰特在交易截止日被篮网交易至太阳，此后因伤一直没有登场，明日太阳客场挑战黄蜂，杜兰特将迎来太阳生涯首秀。太阳主帅蒙蒂-威廉姆斯透露杜兰特将会有出场时间限制。杜兰特谈到自己的伤势时表示：“我的膝盖已经两周没有疼痛了，但我想要通过延长训练时间来恢复比赛状态。整个全明星假期我都待在球队的训练馆，然后在上周五进行了一次高强度的全方面对抗训练。”谈到对于首秀的期待，杜兰特表示：“我的队友们可以找到一些方式来进行配合，所以这很有趣，我很期待上场比赛。我感觉非常好，我的意思是，我很期待再次有机会上场打球，在受伤之前，我很享受在场上打球的时光，我很期待继续这样做，在比赛中找到乐趣，享受比赛。”明日上午8点，太阳将在客场挑战黄蜂。（修楚）,篮球
49,三球因右脚踝骨折本赛季报销 赛季仅出战36场,北京时间3月1日，据著名NBA记者沙姆斯-查拉尼亚报道，黄蜂主控拉梅洛-鲍尔因右脚踝骨折本赛季报销。昨日活塞对阵黄蜂的第三节比赛，鲍尔在无对抗的情况下突然受伤，他在回到替补席的时候透露自己听到了“砰”的一声。黄蜂官方赛后透露，鲍尔遭遇右脚踝骨折。今日，最新消息透露，鲍尔因为右脚踝骨折本赛季报销。本赛季常规赛，鲍尔因为多次受伤仅出战36场，场均得到23.3分6.4篮板8.4助攻。（修楚）,篮球
50,詹姆斯将至少缺阵2-3周 两周后接受伤势复查,北京时间3月1日，据著名NBA记者沙姆斯-查拉尼亚报道，湖人当家球星勒布朗-詹姆斯将缺阵2-3周。詹姆斯因为脚部伤势无缘今日比赛，他将在两周后接受伤势复查，因此至少将缺阵两周时间。两周后的伤势复查时，湖人在积分榜的位置将会影响詹姆斯何时复出。目前，湖人的战绩来到29胜32负，排名西部第12，距离西部第10的鹈鹕仅差1个胜场，距离西部第6的独行侠也只有2.5个胜场差。（修楚）,篮球
51,班凯罗29+8英格拉姆25+6 魔术险胜送鹈鹕4连败,北京时间2月28日，NBA常规赛，魔术101-93力克鹈鹕，鹈鹕遭遇4连败。魔术（26-36）：班凯罗29分8篮板4助攻、富尔茨14分5篮板5助攻、大瓦格纳14分3篮板、小瓦格纳11分5篮板3助攻、温德尔-卡特11分12篮板鹈鹕（30-32）：英格拉姆25分6篮板5助攻、麦科勒姆18分6助攻、赫伯特-琼斯10分6篮板、首节比赛，魔术占得先机取得11分领先。第二节，魔术遭遇得分荒，单节仅得到14分，鹈鹕在半场结束前将分差追到仅剩1分。第三节，魔术进攻回暖保持领先优势。末节，双方比分焦灼，关键时刻双方打成93平， 随后魔术打出8-0的高潮直接带走比赛。最终，魔术魔术101-93力克鹈鹕。（修楚）,篮球
52,[NBA]魔术101-93鹈鹕,,篮球
53,[NBA]绿军94-109尼克斯,,篮球
54,[NBA]活塞106-117黄蜂,,篮球
55,[NBA]热火101-99费城76人,,篮球
56,兰德尔23分塔图姆被驱逐 绿军丢联盟第一宝座,北京时间2月28日，NBA常规赛，尼克斯109-94力克凯尔特人。尼克斯（36-27）：兰德尔23分7篮板4助攻、奎克利23分3篮板、布伦森17分4篮板3助攻、哈特12分5篮板5助攻、罗宾逊10分13篮板、巴雷特10分7篮板凯尔特人（44-18）：布罗格登22分、斯玛特19分4篮板、塔图姆14分7篮板9助攻、霍福德13分3篮板、怀特13分6篮板4助攻本场比赛，布朗因个人原因缺阵。首节比赛，凯尔特人手感低迷单节仅得到15分，尼克斯取得12分领先。第二节，尼克斯继续拉大分差，分差一度来到20分。节末，凯尔特人不断追分，半场结束时凯尔特人落后尼克斯14分。第三节，凯尔特人继续追分，尼克斯则牢牢保持优势。末节，塔图姆被驱逐出场，凯尔特人无力追击。最终，尼克斯109-94力克凯尔特人。输掉本场比赛之后，凯尔特人战绩被雄鹿反超，联盟第一的位置被取代。（修楚）,篮球
57,官宣：三球遭遇右脚踝骨折 比赛中无对抗受伤,北京时间2月28日，黄蜂官方宣布，球队主控拉梅洛-鲍尔遭遇右脚踝骨折。今日活塞对阵黄蜂的第三节比赛，鲍尔在无对抗的情况下突然受伤，他在回到替补席的时候透露自己听到了“砰”的一声。黄蜂官方赛后透露，鲍尔遭遇右脚踝骨折。本场比赛，鲍尔出战21分钟，9投6中，三分球7中6，得到18分6篮板5助攻，正负值+14全场最高。（修楚）,篮球
58,巴特勒23+11+9哈登20+12失绝杀 热火险胜76人,北京时间2月28日，NBA常规赛，热火101-99险胜76人，热火终结了自己的4连败。热火（33-29）：巴特勒23分11篮板9助攻4抢断、文森特14分3篮板，阿德巴约13分7篮板、斯特鲁斯13分、奥拉迪波11分76人（39-21）：恩比德27分12篮板、哈登20分6篮板12助攻、马克西23分首节比赛，热火占得先机取得6分领先。第二节，巴特勒继续率队稳住优势，热火领先8分结束上半场。第三节，马克西单节砍下14分率领76人将分差缩小到仅剩4分。末节比赛，热火打出小高潮将领先优势扩大到两位数，76人回击高潮再度追上比分。比赛最后时刻，恩比德单打被阿德巴约帽掉，哈登绝杀三分不中。最终，热火101-99险胜76人。（修楚）,篮球
59,三球伤退怀斯曼23+7 黄蜂5连胜送活塞5连败,北京时间2月28日，NBA常规赛，黄蜂117-106力克活塞，黄蜂取得5连胜，活塞遭遇5连败。黄蜂（20-43）：鲍尔18分6篮板5助攻、罗齐尔22分3篮板3助攻、海沃德19分5篮板6助攻、乌布雷18分5篮板、马克-威廉姆斯15分11篮板3助攻活塞（15-47）：怀斯曼23分7篮板、迪亚洛23分3篮板、巴格利21分11篮板、伯克斯17分4篮板、海斯12分4篮板10助攻首节比赛，黄蜂火力全开单节轰下41分，而活塞仅得到21分，黄蜂单节取得20分的领先。第二节，黄蜂手感下滑，但分差仍一直保持在20分左右。半场结束时黄蜂仍领先19分。第三节，黄蜂当家球星拉梅洛-鲍尔在无对抗的情况下受伤离场，活塞趁势缩小分差。第四节，活塞打出高潮一度将分差缩小到个位数，节末黄蜂还击高潮再次拉开比分。最终，黄蜂117-106力克活塞。（修楚）,篮球
60,詹姆斯可能因右脚伤休战数周 已确定明日缺阵,北京时间2月28日，据著名NBA记者沙姆斯-查拉尼亚报道，湖人当家球星勒布朗-詹姆斯可能会因右脚伤势缺阵数周。此前就有消息报道称，在詹姆斯打破贾巴尔纪录的那场比赛中，脚伤已非常严重，脚的每一面都感到十分疼痛，到了无法忍受的地步，但他最终坚持下来完成破纪录时刻。之后他因为脚伤连续缺席了三场比赛。当时的消息称，詹姆斯的脚伤已经到了可怕的地步，可能会贯穿整个赛季，花费一个赛季的时间来解决。昨日，湖人逆转独行侠的比赛中，带伤出战的詹姆斯右脚再次受伤，他已确定不会出战明日湖人对阵灰熊的比赛。如今这个伤势需要综合多方的诊断意见，湖人正在为他缺席数周做准备。目前，湖人的战绩来到29胜32负，排名西部第12，距离西部第10的鹈鹕仅差1个胜场，距离西部第6的独行侠也只有2.5个胜场差。（修楚）,篮球
61,雄鹿老板35亿美元卖掉球队 2014年以5.5亿买下,北京时间2月27日，据著名NBA记者沙姆斯-查拉尼亚报道，雄鹿老板马克-拉斯里以35亿美元的估值将球队出售给NFL球队克利夫兰布朗队的老板吉米-哈斯勒姆。2014年，拉斯里以5.5亿美元收购了雄鹿，随后的9年时间，在他的打造下，雄鹿逐渐从联盟最差球队成为东部劲旅，并在2021年夺得NBA总冠军。拉斯里以35亿美元的估值将球队出售给了NFL球队克利夫兰布朗队的老板吉米-哈斯勒姆，吉米-哈斯勒姆是一位美国亿万富翁，资产净值高达48亿美元，远高于马克-拉斯里。35亿美元也是NBA历史第二高的收购估值，仅次于前段时间马特-伊什比亚40亿收购太阳队。（修楚）,篮球
62,威少第四节加时赛被雪藏 Skip：快船不需要他,北京时间2月27日，今天快船在客场以124-134加时不敌掘金。比赛在第四节和加时赛，威少都被雪藏，赛后Skip Bayless更推评论说，威少对快船已没有太大用。Skip更推评论道：“现在我们都看到了，泰伦-卢第四节未让威少上场，然后快船奋起直追，将比赛拖入了加时。看起来威少坐在板凳席的末端，没有参加队友的欢呼。他会像给哈姆一样，给泰伦-卢带来麻烦吗？“快船一直都在牵动着掘金的节奏，但他们在加时赛搞砸了。小卡在第四节表现出色，但在加时赛表现得不好。不可否认的是，快船没有威少也赢不了，这（末节加时弃用威少）表现出他们不需要威少。”Skip写道。此役，威少首发出战25分钟，投篮10中6，其中三分球2中1，罚球4中4，拿到17分5篮板4助攻5抢断的数据。他第三节独得11分，但末节和加时却遭弃用。（魑魅）,篮球
63,约基奇40+17+10莱昂纳德33分 掘金加时克快船,北京时间2月27日，NBA常规赛，掘金经过加时134-124力克快船。掘金（43-19）：约基奇40分17篮板10助攻、波特29分11篮板、穆雷21分5篮板12助攻、布鲁斯-布朗13分7篮板快船（33-30）：莱昂纳德33分6篮板、乔治23分4篮板4助攻、威少17分5篮板4助攻5抢断，巴图姆12分3助攻、海兰德10分首节比赛，掘金迅速占得先机，打出27-9的出色开局。快船随后连进三分缩小分差，首节结束时掘金领先快船13分。第二节，卡椒率队将分差缩小至个位数。半场结束时，快船落后掘金8分。第三节，掘金再度建立起两位数的领先，威少单节11分率快船咬住比分。末节，约基奇与莱昂纳德对飙，快船逐渐将分差抹平，乔治关键两罚全中，双方进入加时。加时赛，掘金连中三分打出9-0的高潮，快船火力不继整个加时赛仅得到4分。最终，掘金经过加时134-124力克快船。（修楚）,篮球
64,利拉德狂飙13记三分爆砍71分 开拓者大胜火箭,北京时间2月27日，波特兰开拓者队主场迎战休斯顿火箭，本场比赛达米安-利拉德发挥神勇，帮助球队以131比114大胜对手。此役利拉德爆砍71分6篮板6助攻，格兰特13分5篮板、利特尔11分9篮板；火箭队方面，泰特17分、申京17分10篮板5助攻、尼克斯16分、伊森15分10篮板。比赛开始之后利拉德就展现了火热的手感，半场就砍下41分。火箭队方面由于小波特和格林两人因伤休战，导致球队缺少了主攻手。随着比赛进行，泰特和申京下半场开始发挥，不过利拉德这边还是延续了上半场的手感。格兰特和利特尔等人也相继为开拓者蓄力。此役利拉德轰下71分，创造了生涯新高，也追平了米切尔本赛季创造的单场得分纪录。（珅葳）,篮球
65,汤神32分里德空砍30+9 勇士险胜送森林狼3连败,北京时间2月27日，NBA常规赛，勇士109-104险胜森林狼，森林狼遭遇3连败。勇士（31-30）：克雷-汤普森32分5篮板4助攻、迪文琴佐21分8篮板5助攻4抢断、普尔15分3篮板4助攻、库明加13分5篮板、卢尼12分17篮板森林狼（31-32）：里德30分9篮板3助攻5抢断2盖帽、爱德华兹12分5篮板7助攻、麦克丹尼尔斯12分3篮板3抢断、安德森12分9篮板5助攻、沃克10分4篮板本场比赛，库里继续缺阵，森林狼当家中锋戈伯特也缺阵。首节比赛，代替戈伯特首发出战的中锋里德发挥出色，单节砍下18分带来森林狼取得9分领先。第二节局势逆转，克雷率领勇士完成反超，在半场结束时取得2分领先。第三节，局势再度发生转变，勇士手感不佳单节仅得到19分，森林狼取得9分的领先。末节，森林狼则完全陷入得分荒，克雷-汤普森连续命中关键球率领勇士完成反超。最后一分钟，森林狼一度落后8分，爱德华兹命中三分，勇士连续两次失误，森林狼抓住机会将分差追到仅剩3分。普尔两罚全中之后，勇士锁定胜局。最终，勇士109-104险胜森林狼。（修楚）,篮球
66,[NBA]国王124-115雷霆,,篮球
67,[NBA]猛龙93-118骑士,,篮球
68,福克斯33+8萨博尼斯14+15+8 国王力克雷霆,北京时间2月27日，NBA常规赛，国王124-115力克雷霆。国王（35-25）：福克斯33分3篮板8助攻、萨博尼斯14分15篮板8助攻、穆雷20分6篮板、莱尔斯16分6篮板3助攻、蒙克12分3篮板雷霆（28-32）：以赛亚-乔24分3助攻、基迪18分7篮板5助攻、多特18分5篮板、杰伦-威廉姆斯15分4助攻、沃特斯12分7篮板首节比赛，国王占得先机，取得10分领先。福克斯和萨博尼斯率领国王一直保持着10分左右的领先，半场结束时，国王仍领先雷霆8分。第三节，雷霆火力全开单节轰下40分，将分差追到仅剩4分。末节比赛，国王三分线外连连命中，分差再度来到两位数，雷霆无力追击。最终，国王124-115力克雷霆。（修楚）,篮球
69,米切尔35分阿伦23+11 骑士大胜终结猛龙4连胜,北京时间2月27日，NBA常规赛，骑士118-93大胜猛龙，骑士终结3连败，猛龙4连胜被终结。骑士（39-25）：米切尔35分6篮板4助攻、阿伦23分11篮板、加兰18分3篮板11助攻、莫布里18分9篮板4助攻猛龙（30-32）：西亚卡姆25分8篮板5助攻、珀尔特尔13分9篮板3助攻、巴恩斯12分3篮板5助攻上半场比赛，米切尔砍下22分，阿伦砍下17分，在两人的率领下，骑士半场结束时领先猛龙12分。第三节比赛，米契尔连砍10分将分差拉大到20分以上。末节上来，骑士一度将分差拉大到近30分，比赛失去悬念，进入垃圾时间。最终，骑士118-93大胜猛龙。（修楚）,篮球
70,[NBA]湖人111-108独行侠 浓眉30+15詹皇26分,,篮球
71,[NBA]公牛102-82奇才 德罗赞29分6助攻,,篮球
72,[NBA]老鹰129-127篮网 特雷·杨中投绝杀,,篮球
73,[NBA]雄鹿104-101太阳 霍勒迪33分,,篮球
74,斯奈德正式当选老鹰主帅 本周五有望完成首秀,北京时间2月27日，据相关媒体报道，奎因-斯奈德正式当选亚特兰大老鹰队主教练，双方签订了一份为期多年的合同。据ESPN篮球记者沃神报道，斯奈德将接手老鹰队的教练组，执教完接下来剩余的赛季。在双方谈判过程中，斯奈德与老鹰队达成了一份为期五年的合同。预计斯奈德会在本周五对阵华盛顿奇才队的比赛中，正式完成在老鹰队的首秀。五天前老鹰队解雇了内特-麦克米兰，随后曾在老鹰队担任助理教练的斯奈德，就成为潜在主帅的人选。在执教老鹰队之前，斯奈德曾担任爵士队主教练。（珅葳）,篮球
75,斯奈德成为老鹰新任主帅 双方签下一份5年合同,北京时间2月27日，据著名NBA记者沃神报道，奎因-斯奈德和老鹰达成5年合同，成为老鹰新任主帅。此前，老鹰主帅麦克米兰下课，曾在爵士担任多年主帅的奎因-斯奈德便成为球队新帅的领跑者。经过几日的谈判，双方最终签下一份5年合同，斯奈德正式成为老鹰新任主帅。斯奈德预计最早将在本周三对阵奇才的比赛中开始执教老鹰。据悉，斯奈德的年薪预计约800万美元。斯奈德此前曾担任过8个赛季的爵士主帅，常规赛战绩372胜264负，胜率58.5%，季后赛21胜30负，胜率41.2%。（修楚）,篮球
76,湖人3连胜后升至西部第11 连续超越雷霆开拓者,北京时间2月27日，NBA常规赛，湖人111-108逆转战胜独行侠取得3连胜。本场比赛取胜之后，湖人的战绩来到29胜32负，连续超越雷霆和开拓者（均为28胜31负），升至西部第11位。目前，湖人距离西部第10的鹈鹕仅差1个胜场，距离西部第6的独行侠也只有2.5个胜场差。（修楚）,篮球
77,湖人全场仅进6记三分 独行侠进20个三分仍输球,北京时间2月27日，NBA常规赛，湖人111-108逆转战胜独行侠。本场比赛，湖人三分手感不佳，但最终仍然完成27分大逆转。湖人全队本场三分球34投仅6中，命中率仅为17.6%。其中，比斯利11投2中，詹姆斯6中1，布朗4中1，里夫斯3中1，范德比尔特1中1。独行侠全队则是命中了20记三分球，三分命中率高达40.8%。其中，东契奇8中4，哈达威8中4，约什-格林5中3，霍勒迪5中2，伍德5中2，布洛克6中2，欧文10中2，莫里斯2中1。湖人虽然三分不佳，但还是凭借着内线优势最终完成大逆转。（修楚）,篮球
78,湖人27分大逆转本季首队 此前全联盟0胜138负,北京时间2月27日，NBA常规赛，湖人111-108逆转战胜独行侠。比赛中，湖人最多时刻落后27分，但最终完成逆转取胜。湖人成为了本赛季首支在落后至少27分情况下逆转的球队，此前这种情况下落后一方0胜138负。湖人队史上一次逆转至少27分是在2002年12月7日，对手也是独行侠。湖人新援范德比尔特成为逆转的关键，他在第三节单节砍下8分8篮板3抢断，攻防两端表现亮眼率队逆转。（修楚）,篮球
79,吹杨34+8压哨绝杀老鹰险胜 篮网4人20+仍失利,北京时间2月27日，NBA常规赛，老鹰129-127险胜篮网。老鹰（31-30）：特雷-杨34分3篮板8助攻、穆雷28分3篮板4助攻、博格丹22分6篮板3助攻、科林斯12分4篮板、奥孔武10分7篮板篮网（34-26）：卡梅隆-约翰逊27分3篮板、布里奇斯24分5篮板3助攻、托马斯22分、丁威迪20分4篮板8助攻、芬尼-史密斯12分8篮板3助攻、奥尼尔12分4篮板、克拉克斯顿8分11篮板4抢断3盖帽首节比赛，老鹰手感火热，取得8分领先。第二节，老鹰继续拉大分差，分差最多的时候曾到18分。篮网随后打出高潮，在半场结束前将反差追到仅剩7分。第三节，双方展开对轰，篮网一度完成反超。末节，篮网在关键时刻打出一波8-0追平比分，最后一攻特雷-杨完成压哨绝杀。最终，老鹰129-127险胜篮网。（修楚）,篮球
80,德罗赞29分拉文27分 公牛卡位战大胜奇才20分,北京时间2月27日，NBA常规赛，公牛102-82大胜奇才。公牛（28-33）：德罗赞29分6助攻、拉文27分4助攻、怀特17分4篮板3助攻、武切维奇16分13篮板奇才（28-32）：比尔18分7篮板8助攻、加福德15分11篮板、赖特14分4篮板、库兹马10分4篮板3助攻本场比赛，波尔津吉斯因伤缺阵。首届比赛，双方比分焦灼，奇才取得2分领先。第二节，比分继续交替上升，半场结束时公牛领先奇才2分。第三节，公牛逐渐确立优势，领先7分结束第三节。末节，奇才陷入得分荒，单节仅得到15分，公牛持续扩大分差轻松取胜。最终，公牛102-82大胜奇才。（修楚）,篮球
81,霍勒迪33分字母哥缺阵 雄鹿险胜太阳获14连胜,北京时间2月27日，NBA常规赛，雄鹿104-101险胜太阳，雄鹿豪取14连胜。雄鹿（43-17）：霍勒迪33分4篮板5助攻、洛佩斯22分12篮板4盖帽、米德尔顿11分10篮板6助攻攻、波蒂斯10分6篮板、克劳德7分3篮板太阳（33-29）：布克24分4篮板8助攻、艾顿22分11篮板、保罗18分5篮板7助攻、奥科吉11分7篮板本场比赛，字母哥因伤缺阵。首节比赛，雄鹿全民皆兵取得7分领先。第二节双方手感都不好，雄鹿继续保持7分领先。第三节，布克和保罗率队追分，第三节结束时分差仅剩1分。末节，太阳打出高潮完成反超，克劳德连中三分率领雄鹿再度反超。关键时刻，霍勒迪与布克对飙，布克致命失误错失良机。最终，雄鹿104-101险胜太阳。（修楚）,篮球
82,詹姆斯26分浓眉30+15 湖人大逆转独行侠3连胜,北京时间2月27日，NBA常规赛，湖人111-108逆转战胜独行侠，湖人取得3连胜。湖人（29-32）：浓眉30分15篮板4助攻3盖帽、詹姆斯26分8篮板3助攻、范德比尔特15分17篮板4抢断、施罗德16分8篮板、独行侠（32-30）：东契奇26分9篮板5助攻、欧文21分11篮板5助攻、哈达威17分4篮板2、伍德14分9篮板首届比赛，湖人手感不佳，单节三分球10投0中仅得到16分，独行侠首节三分球13投7中，取得12分领先。第二节，湖人手感依旧不佳，独行侠很快将分差拉达大到二十分以上，最多时达到27分。节末独行侠手感下滑，湖人趁机在半场结束前将分差追到仅14分。第三节，范德比尔特大爆发，攻防两端表现亮眼，率领湖人打出一波12-0的高潮不断追分。湖人落后3分进入最后一节。末节，双方比分焦灼，关键时刻詹姆斯浓眉连中关键球，湖人取得4分领先。霍乐迪三分命中之后，施罗德两罚全中，欧文超远绝平三分不中。最终，湖人111-108大逆转战胜独行侠。（修楚）,篮球
83,马尔卡宁27分索汉22+6 爵士逆转送马刺16连败,北京时间2月26日，NBA常规赛，爵士118-102力克马刺，马刺遭遇16连败。爵士（31-31）：马尔卡宁27分4篮板、邓恩15分7篮板8助攻、阿巴基14分3篮板、塔克12分5篮板4助攻、丰泰基奥11分、凯斯勒9分12篮板5盖帽马刺（14-47）：索汉22分6篮板、约翰逊18分7篮板3助攻、科林斯15分5篮板、布兰纳姆13分6篮板、迪奥普11分4篮板4助攻、格拉汉姆10分4篮板4助攻首节比赛，马刺占得先机打出13-2的开局，首节结束时马刺仍然领先爵士9分。第二节，凯尔登-约翰逊单节10分率队继续保持两位数的领先。第三节，马刺习惯性陷入得分荒，单节仅得到14分，爵士完成反超。末节比赛，爵士继续拉大分差，马刺无力追击。最终，爵士118-102力克马刺。（修楚）,篮球
84,塔图姆三分绝杀恩比德空砍41+12 绿军险胜76人,北京时间2月26日，NBA常规赛，凯尔特人110-107险胜76人，凯尔特取得3连胜，76人5连胜被终结。凯尔特人（44-17）：杰伦-布朗26分4篮板3助攻3抢断、塔图姆18分13篮板6助攻、怀特18分、霍福德15分4篮板2助攻、罗威14分8篮板、斯玛特10分3助攻76人（39-20）：恩比德41分12篮板5助攻、哈登21分6篮板8助攻、哈里斯19分、马克西8分、塔克7分16篮板首节比赛，76人占得先机取得领先，布朗率队追击，76人领先凯尔特人2分结束第一节。第二节，凯尔特人手感不佳，恩比德半场20分率领76人略微将分差拉大。半场结束时，76人领先凯尔特人6分。第三节，76人一度将分差拉大到15分，凯尔特人老将霍福德站了出来，连中4记三分率队直接反超。末节，布朗率领绿军一度取得两位数的领先，恩比德连续得分率队反超。关键时刻，恩比德两罚将比分追平，塔图姆命中三分绝杀，恩比德超远绝平三分命中但超时。最终，凯尔特人110-107险胜76人。（修楚）,篮球
85,莫兰特23+7约基奇15+13 灰熊终结掘金4连胜,北京时间2月26日，NBA常规赛，灰熊112-94大胜掘金，掘金4连胜被终结。灰熊（36-23）：莫兰特23分7篮板4助攻、琼斯17分5助攻、肯纳德12分、布鲁克斯12分3篮板、蒂尔曼12分7篮板4助攻、贝恩10分5篮板4助攻、掘金（42-19）：约基奇15分13篮板3助攻、格林12分4篮板、波普11分、布劳恩11分4篮板首节比赛，灰熊凭借节末的高潮取得8分领先。第二节，灰熊再度打出14-0的高潮，将分差拉大到20分以上。掘金上半场进攻状态低迷仅得到42分，落后灰熊24分。第三节，掘金依然找不到状态，分差很快突破三十分。末节，比赛失去悬念，进入垃圾时间。最终，灰熊112-94大胜掘金。（修楚）,篮球
86,兰德尔28分莺歌19分 尼克斯5连胜送鹈鹕3连败,北京时间2月26日，NBA常规赛，尼克斯128-106大胜鹈鹕，尼克斯取得5连胜，鹈鹕遭遇3连败。尼克斯（35-27）：兰德尔28分7篮板5助攻、巴雷特25分4篮板7助攻、布伦森20分5助攻，哈特15分5篮板、奎克利13分7篮板、罗宾逊11分13篮板鹈鹕（30-31）：英格拉姆19分4篮板3助攻、理查德森16分4篮板、麦科勒姆13分4助攻、瓦兰12分10篮板、墨菲11分，首节比赛，兰德尔延续昨日出色的手感，9投6中砍下17分，率领尼克斯单节轰下42分，取得16分领先。第二节，尼克斯继续扩大领先。半场结束时，尼克斯已领先鹈鹕21分。下半场，鹈鹕一直无法缩小分差，到第四节分差来到30分以后，比赛正式进入垃圾时间。在比赛最后阶段，尼克斯主场观众集体高喊德里克-罗斯的名字，被弃用很久的罗斯垃圾时间上场，这是他2023年的第一次登场。最终，尼克斯128-106大胜鹈鹕。（修楚）,篮球
87,文霍斯特：无KD勇士赢不了骑士 他是在副驾驶,北京时间2月25日，无杜兰特，就没有2017年的总冠军。近日，布莱恩-文霍斯特做客《Dan Patrick Show》节目时，表示若无杜兰特，勇士不可能赢那支骑士。杜兰特不是后排常客而是坐在副驾驶上的。近日，名记文霍斯特谈到了杜兰特。文霍斯特表示：“我相信勇士若没有杜兰特不可能击败骑士，2017年那支骑士队很强，欧文和勒布朗都处于巅峰，他们得到了一些三分射手。那支骑士在东部季后赛12胜1负，勇士要没有杜兰特赢不了那支骑士。“巴克利说杜兰特是乘客，不是对巴克利不尊重，我不认为这是真的。他不是后排的乘客，我觉得杜兰特是坐在副驾驶上的。”文霍斯特此话是对杜兰特在勇士作用的精准摹写，巴克利的话着实有些过分。（魑魅）,篮球
88,火爆！索汉与邓恩爆发冲突 后者刚签10天短约,北京时间2月26日，圣安东尼奥马刺队客场挑战犹他爵士，两队比赛进行到第二节时，场上发生了激烈的肢体冲突。当时比赛进行到第二节10分58秒，马刺队球员索汉在篮下接到队友传球之后，立刻遭到了夹击。他选择一个转身之后，晃开防守人准备挑篮，不料爵士队球员克里斯-邓恩在空中落地时，一把拽下索汉。裁判立刻吹罚了邓恩的防守犯规，但是索汉对此有些不满，直接一个右勾拳打到了邓恩身上，后者也是不甘示弱，上前直接双手将索汉推搡出去。随后裁判和双方球员紧忙上前劝阻，避免了冲突的进一步升级。随后双方均被吹罚了技术犯规，而这场比赛开始前，邓恩刚刚与爵士队签下了一份为期十天的短约合同。（珅葳）,篮球
89,太阳PK雄鹿两主将均缺席 字母与KD或同时休战,北京时间2月26日，据相关媒体报道，密尔沃基雄鹿队头号球星扬尼斯-阿德托孔波遭遇伤病，他很可能缺席明天与菲尼克斯太阳队的比赛。雄鹿跟队记者Eric Nehm爆料，球队在今天提交了一份伤病报告，其中字母哥因右股四头肌挫伤被列为了出战存疑名单。明天凌晨两点雄鹿队将在自己的主场迎战菲尼克斯太阳，字母哥如果缺席，将无缘与凯文-杜兰特的对决。早在太阳与雄鹿的比赛开始前，太阳队也更新了他们的伤病名单，其中杜兰特因为右膝伤病继续缺阵，预计会在接下来对阵黄蜂队的比赛中完成复出。（珅葳）,篮球
90,马克18+20希罗空砍33分 黄蜂4连胜送热火4连败,北京时间2月26日，NBA常规赛，黄蜂108-103险胜热火，黄蜂取得4连胜，热火遭遇4连败。热火（32-29）：希罗33分7篮板5助攻、巴特勒28分3篮板6助攻、阿德巴约14分6篮板4助攻、勒夫13分13篮板黄蜂（19-43）：海沃德21分3篮板、鲍尔19分7篮板13助攻、马克-威廉姆斯18分20篮板、史密斯15分、乌布雷15分8篮板、罗齐尔14分首节比赛，热火陷入得分荒最后4分钟仅得到1分，单节仅得到16分，黄蜂在首节结束时领先热火13分。第二节，黄蜂继续扩大优势，一度取得22分的领先。希罗和勒夫及时苏醒率队回击一波25-6的高潮。半场结束时，热火将分差追到仅剩3分。第三节，三球连中三分将分差再度拉大到两位数。末节，热火持续追分，一度将分差追到仅剩1分。但关键时刻，热火无人能够得分。最终，黄蜂108-103险胜热火。（修楚）,篮球
91,特纳24+8哈利伯顿15+14 步行者力克魔术,北京时间2月26日，NBA常规赛，步行者121-108力克魔术。步行者（27-35）：特纳24分8篮板、马瑟林19分、沃拉18分6篮板5助攻、哈利伯顿15分14助攻、内姆哈德13分魔术（25-36）：小瓦格纳21分5篮板、班凯罗19分6篮板、富尔茨18分5篮板3助攻、萨格斯14分5篮板首节比赛，双方比分交易上升，步行者领先2分结束第一节。第二节，分差依旧焦灼。半场结束时，魔术领先步行者1分。第三节，步行者找到状态，打出9-0的高潮，一度取得两位数的领先。末节比赛，步行者继续扩大领先，魔术无力追分。最终，步行者121-108力克魔术。（修楚）,篮球
92,西亚卡姆29+8怀斯曼首发两双 猛龙送活塞4连败,北京时间2月26日，NBA常规赛，猛龙95-91力克活塞，猛龙取得4连胜，活塞遭遇4连败。猛龙（30-31）：西亚卡姆29分8篮板5助攻、特伦特19分4助攻、巴恩斯12分7篮板4助攻、阿丘瓦10分6篮板3助攻、珀尔特尔9分14篮板4助攻活塞（15-46）：巴格利21分18篮板、迪亚洛11分5篮板、博格达11分9篮板、利弗斯11分、怀斯曼10分10篮板、艾维10分10助攻、本场比赛，怀斯曼首发出战。首节比赛，双方手感一般打成22平。第二节，双方再度打成22平。第三节，双方手感依旧一般，比分焦灼，猛龙取得1分领先。末节，猛龙逐渐占据主动，活塞努力追分但无力反超。最终，猛龙95-91力克活塞。怀斯曼首发出战了20分钟便六犯离场，全场9投5中，得到10分10篮板。（修楚）,篮球
93,威少首秀17+14蒙克轰45分 国王双加时险胜快船,北京时间2月25日，NBA常规赛，国王双加时176-175险胜快船。国王（34-25）：蒙克45分3篮板6助攻、福克斯42分5篮板12助攻5抢断、萨博尼斯20分10篮板4助攻、穆雷15分3篮板、巴恩斯11分6篮板、赫尔特11分4篮板3助攻、莱尔斯10分、快船（33-29）：莱昂纳德44分4篮板4助攻3抢断、乔治34分10篮板5助攻、鲍威尔24分3助攻、巴图姆19分8篮板、威少17分5篮板14助攻、普拉姆利10分10篮板4助攻、曼恩10分3篮板4助攻本场比赛，威少迎来快船生涯首秀并首发出战。双方上来就展开对轰，首节比赛打成40平，第二节，双方继续对轰，快船再度单节轰下40分，国王也得到36分。半场结束时，双方打成80-76，快船领先国王4分。第三节，莱昂纳德大爆发，单节8投8中，三分球5中5砍下21分，率领快船将领先优势扩大到7分。末节比赛，双方打到关键时刻，威少和乔治连续失误，国王将分差追上。蒙克最后时刻压哨三分命中，国王扳平比分，双方进入加时。加时赛，威少命中三分，快船一度确立优势，福克斯失误+被盖，快船也连续不中，蒙克两罚全中再度追平。莱昂纳德绝杀不中，两队进入双加时。第二个加时，莱昂纳德统治攻防，一度获得6分领先。蒙克关键三分命中，福克斯关键球打中国王反超1分，快船未能命中绝杀，1分惜败。第二个加时，威少六犯离场时快船还领先6分，他离场后国王打出一波7-0完成反超并最终取胜。（修楚）,篮球
94,布克25+8艾顿两双以赛亚-乔28+7 太阳力克雷霆,北京时间2月25日，NBA常规赛，太阳124-115力克雷霆。太阳（33-28）：布克25分6篮板8助攻、保罗16分6助攻、艾顿14分11篮板、奥科吉15分7篮板、佩恩14分4篮板、韦恩赖特10分雷霆（28-31）：以赛亚-乔28分7篮板、杰伦-威廉姆斯22分6篮板4助攻、杰林-威廉姆斯10分5篮板5助攻、多特17分10篮板，本场比赛，雷霆核心亚历山大缺阵。面对核心缺阵的雷霆，太阳上半场并未占到便宜，雷霆射手以赛亚-乔半场砍下21分，帮助雷霆紧咬分差。半场结束时，太阳仅领先雷霆5分。第三节，太阳替补阵容帮助球队保持优势。末节，又是替补席的出色发挥帮助太阳将分差拉大到两位数。最终，太阳124-115力克雷霆。（修楚）,篮球
95,汤神狂飙12记三分轰42分 勇士大胜送火箭8连败,北京时间2月25日，NBA常规赛，勇士116-101大胜火箭，火箭遭遇8连败。勇士（30-30）：克雷-汤普森42分7篮板、迪文岑佐15分3篮板4助攻、普尔15分8助攻、鲍德温11分3篮板火箭（13-46）：马丁22分8篮板、华盛顿15分4助攻、泰特14分3篮板4助攻3抢断、贾巴里-史密斯13分9篮板、克里斯托弗13分首节比赛，两队打成平手。第二节，勇士火力全开单节轰下40分，而火箭手感则很差，半场结束时勇士领先火箭17分。第三节，勇士手感下滑，火箭将分差追到个位数。最后一节，克雷-汤普森连续命中三分杀死比赛。最终，勇士116-101大胜火箭。（修楚）,篮球
96,首发出战！威少迎快船生涯首秀 罚球拿到首分,北京时间2月25日，NBA常规赛，快船主场对阵国王。快船新援拉塞尔-威斯布鲁克迎来的自己的快船生涯首秀。威少本场比赛首发出战，快船的首发五人组为：威少、乔治、莱昂纳德、莫里斯、普拉姆利。首节比赛开场不到一分钟，威少通过罚球拿到快船生涯首分。（修楚）,篮球
97,三球32+10+8爱德华兹空砍29+8 黄蜂力克森林狼,北京时间2月25日，NBA常规赛，黄蜂121-113力克森林狼。黄蜂（18-43）：鲍尔32分10篮板8助攻、海沃德27分13篮板5助攻、华盛顿20分8篮板、理查兹10分5篮板森林狼（31-31）：爱德华兹29分8篮板5助攻、戈伯特17分10篮板、里德16分8篮板、康利15分3助攻、沃克13分、麦克丹尼尔斯11分5篮板首节比赛，三球砍下11分率队取得5分领先。第二节，海沃德单节10分率队继续扩大分差。半场结束时，黄蜂领先森林狼8分。第三节，康利率领森林狼追分，海沃德站出来稳住局势，双方分差仍有7分。末节，黄蜂陷入得分荒，森林狼打出高潮完成反超。关键时刻，森林狼连续不中，黄蜂打出小高潮锁定胜局。最终，黄蜂121-113力克森林狼。（修楚）,篮球
98,拉文32分贝弗利首秀 公牛大胜篮网44分止6连败,北京时间2月25日，NBA常规赛，公牛131-87大胜篮网，公牛结束6连败。公牛（27-33）：拉文32分6篮板、德罗赞17分4篮板4助攻、帕威17分6篮板、武切维奇13分10篮板、德拉蒙德13分10篮板、特里11分、贝弗利8分5篮板4助攻篮网（34-25）：托马斯22分、库里19分、布里奇斯13分6篮板、约翰逊10分本场比赛，公牛新援贝弗利首发出战。首节比赛，公牛展现出不一样的精神面貌，打出11-0的开局，首节结束时领先公牛15分。第二节比赛，篮网手感冰凉，单节仅得到11分，上半场一共得到29分。半场结束时，公牛已领先篮网34分。第三节，篮网仍然找不到状态，分差被越拉越大，第三节结束时，公牛已领先46分。末节比赛彻底失去悬念，进入垃圾时间。最终，公牛131-87大胜篮网。（修楚）,篮球
99,特雷杨34+9加兰33分 老鹰半场81分送骑士3连败,北京时间2月25日，NBA常规赛，老鹰136-119大胜骑士，骑士遭遇3连败。老鹰（30-30）：特雷-杨34分3篮板9助攻、穆雷25分9篮板8助攻、萨迪克-贝19分4篮板、奥孔武13分11篮板、卡佩拉10分4篮板、博格达诺维奇10分骑士（38-25）：加兰33分、米切尔19分3助攻、阿伦14分9篮板、莫布里13分4篮板、奥斯曼10分5篮板首节比赛，骑士占得先机，老鹰在节末发挥出色反超并取得9分领先。第二节，老鹰火力全开单节轰下49分，一度领先达到30分。上半场比赛，老鹰轰下81分，领先骑士24分。第三节，两队手感下滑，分差仍保持在25分。末节，骑士一度打出12-0的高潮缩小比分，老鹰及时调整再度将分差拉大到20分，比赛失去悬念进入垃圾时间。最终，老鹰136-119大胜骑士。（修楚）,篮球
100,字母哥伤退雄鹿大胜热火获13连胜 勒夫首秀0分,北京时间2月25日，NBA常规赛，雄鹿128-99大胜热火，雄鹿取得13连胜。雄鹿（42-17）：霍勒迪24分5篮板7助攻、波蒂斯18分11篮板、洛佩斯17分7篮板、阿伦16分3助攻、米德尔顿12分4篮板5助攻、卡特11分8篮板、字母哥4分4篮板4助攻。热火（32-28）：巴特勒23分、阿德巴约18分7篮板、马丁17分5篮板、希罗14分5篮板、泽勒10分4篮板3篮板、勒夫0分8篮板4助。本场比赛，热火新援凯文-勒夫首发出战。首节比赛，两队展开对攻，雄鹿火力全开单节轰下42分，取得10分领先。字母哥因伤退场并未影响雄鹿进攻状态，半场结束时雄鹿已经轰下73分，取得17分的领先。第三节，两队手感下滑，热火单节仅得到18分，分差来到20分以上，比赛失去悬念进入垃圾时间。最终，雄鹿128-99大胜热火。（修楚）,篮球
101,兰德尔46分库兹马23分 尼克斯逆转胜奇才4连胜,北京时间2月25日，NBA常规赛，尼克斯115-109逆转战胜奇才，尼克斯取得4连胜。尼克斯（34-27）：兰德尔46分、奎克利16分3篮板、巴雷特14分3助攻、布伦森13分4篮板9助攻、罗宾逊10分12篮板奇才（28-31）：库兹马23分5篮板3助攻、波尔津吉斯23分6篮板3助攻、比尔16分板8助攻、赖特15分3篮板、莫里斯12分、阿夫迪亚11分7篮板5助攻首节比赛，奇才占得先机，波尔津吉斯单节19分率队取得两位数的领先。第二节，奇才一度将分差拉大到19分，尼克斯打出高潮不断追分，半场结束时尼克斯将分差追到仅剩4分。第三节，兰德尔连续得分，尼克斯越打越好很快取得反超。最后一节，双方比分交替领先战至关键时刻。最后时刻，布伦森关键上篮命中锁定胜局。最终，尼克斯115-109逆转战胜奇才。（修楚）,篮球
102,维金斯处理家事无限期缺阵 卫冕冠军危机四伏,北京时间2月24日，金州勇士队客场不敌洛杉矶湖人队的比赛中，安德鲁-维金斯因为家庭事务缺阵。赛后主教练史蒂夫-科尔接受采访时，并没有给出维金斯回归的确切时间表。勇士跟队记者CJ Holmes报道，维金斯的身体是处于健康状态的，但是因为要处理家事，所以目前是无限期休战状态。本赛季维金斯场均贡献17.1分5个篮板和2.3次助攻，三分球命中率高达39.6%。此前维金斯因为伤病连续缺席多场比赛，在勇士队59场比赛中，维金斯只打了37场球。（珅葳）,篮球
103,掘金赢球约基奇三双 赛后掘金骑士主帅齐夸他,北京时间2月24日，掘金赢球，约基奇拿下数据。在今天掘金以115-109战胜骑士的比赛中，约基奇得到三双，24分18个篮板13次助攻。赛后，掘金和骑士主帅齐声夸赞他。赛后，掘金主帅迈克-马龙接受采访时称赞了本队中锋约基奇。“约基奇是MVP。当MVP出场并打出三双时，这意味着很多。他是历史级别的优秀球员。”迈克-马龙说道赛后，骑士主帅比克斯塔夫接受采访时称赞了掘金主将约基奇。比克斯塔夫表示，如果他有今年MVP的选票，他会投给约基奇：“说实话，你很难不投给他。现在的评比方式有所不同。是选表现最好的球员，最好的球队中最有天赋的球员？还是对自己的团队最有影响力的球员？我认为现在的投票方式存在差异。不过，可以肯定的是，以约基奇本赛季的表现，你很难反驳他。”看来，约基奇MVP三连冠是肯定的了。（魑魅）,篮球
104,[NBA]国王133-116开拓者,,篮球
105,[NBA]湖人124-111战胜勇士,,篮球
106,[NBA]爵士120-119逆转雷霆 马尔卡宁43分,,篮球
107,[NBA]独行侠142-116马刺 东契奇28分,,篮球
108,詹姆斯仅得13分比斯利三分11中7 湖人大胜勇士,北京时间2月24日，NBA常规赛，湖人124-111大胜勇士。湖人（28-32）：比斯利25分3篮板、詹姆斯13分9篮板8助攻、安东尼-戴维斯12分12篮板、里夫斯17分4助攻、施罗德13分6助攻、八村塁14分、班巴10分13篮板、沃克10分勇士（29-30）：克雷-汤普森22分、普尔16分4助攻、库明加10分3篮板5助攻、卢尼10分15篮板、杰罗姆20分3助攻本场比赛，库里继续缺阵。首节比赛，阵容齐整的湖人占得先机，取得8分领先。主控拉塞尔受伤退场并未影响湖人的整体节奏。第二节，湖人一度将领先扩大到13分，汤普森和普尔率领勇士缩小分差。半场结束时勇士仅落后湖人3分。第三节，湖人逐渐展现出统治力，将分差拉大到15分。末节，湖人打出一波高潮直接将分差拉大到26分，比赛进入垃圾时间。最终，湖人124-111大胜勇士。詹姆斯本场表现并不理想，20投5中，仅得到13分9篮板8助攻，但他的正负值达到+22，湖人也轻松取胜。湖人新援比斯利三分球11中7砍下全场最高的25分。（修楚）,篮球
109,福克斯31分萨博尼斯18+18+10 国王大胜开拓者,北京时间2月24日，NBA常规赛，国王133-116大胜开拓者。国王（33-25）：福克斯31分3篮板3助攻、特伦斯-戴维斯20分4篮板、萨博尼斯18分18篮板10助攻、蒙克15分3篮板、巴恩斯15分3篮板、穆雷10分、许尔特10分4篮板开拓者（28-31）：利特尔26分3篮板、雷迪什24分4篮板4助攻、基翁约翰逊16分3助攻、沃特福德15分3篮板4助攻、本场比赛，由于天气恶劣开拓者队航班延误了24小时，因此包括利拉德、西蒙斯、格兰特和纽基奇在内的首发队员全部休战。首节比赛，多人缺阵的开拓者令人意外的占得先机，很快取得了两位数的领先开局。第二节，全主力出战的国王终于开始找到状态大力反击，开拓者手感下滑。半场结束时，国王反超并领先开拓者9分。第三节，两队展开对攻，分差一直在十分左右。末节，国王没有再给开拓者机会，将分差拉大到20分以上，比赛失去悬念。最终，国王133-116大胜开拓者。（修楚）,篮球
110,马尔卡宁43+10亚历山大39+8 爵士加时险胜雷霆,北京时间2月24日，NBA常规赛，爵士经过加时120-119险胜雷霆。爵士（30-31）：马尔卡宁43分10篮板3助攻、克拉克森24分4篮板6助攻、奥利尼克12分7篮板3助攻、阿巴基12分4篮板3助攻，邓恩11分、凯斯勒7分18篮板7盖帽雷霆（28-30）：亚历山大39分8篮板7助攻、吉迪18分11篮板3助攻、肯里奇-威廉姆斯16分4篮板3助攻、多特11分11篮板4助攻、杰林-威廉姆斯11分6篮板首节比赛，双方比分焦灼，爵士领先2分结束第一节。第二节，爵士全队陷入得分荒，单节仅得到18分。半场结束时，雷霆领先爵士9分。第三节比赛，爵士一度反超，亚历山大率队再度取得8分领先。末节，雷霆手感不佳，马尔卡宁单节砍下18分率领爵士抹平分差，双方打进加时。加时赛，双方焦灼到最后一刻，亚历山大关键两罚一中给了爵士绝杀机会。马尔卡宁造成三分犯规，随后稳稳三罚全中，爵士取得1分领先。亚历山大反绝杀在框中弹了两下飞了出来。最终，爵士经过加时120-119险胜雷霆。（修楚）,篮球
111,湖人主控踩勇士球员脚伤退 本场比赛不会回归,北京时间2月24日，NBA常规赛，湖人对阵勇士。湖人主控德安吉洛-拉塞尔左脚踝扭伤，本场比赛不会回归。首节比赛时，拉塞尔在发底线球时踩到了勇士球员迪文琴佐的脚上，导致脚踝扭伤，他一度试图坚持继续比赛，但最终还是退赛。湖人官方宣布，拉塞尔因为左脚踝扭伤，本场比赛不会回归。（修楚）,篮球
112,[NBA]猛龙115-110鹈鹕 西亚卡姆26分,,篮球
113,东契奇28+10欧文23分 独行侠大胜送马刺15连败,北京时间2月24日，NBA常规赛，独行侠142-116大胜马刺，独行侠终结3连败，马刺遭遇15连败。独行侠（32-29）：东契奇28分7篮板10助攻、欧文23分6助攻、哈达威22分、伍德16分7篮板、霍勒迪15分、布洛克12分4篮板、约什-格林11分、鲍威尔10分8篮板、马刺（14-46）：布兰纳姆23分5助攻、贝西16分7篮板、迪奥普15分6篮板、科林斯13分12篮板3助攻、凯尔登-约翰逊12分3篮板5助攻、格拉汉姆10分5助攻本场比赛因为独行侠主场顶棚漏水而晚了半个小时才开始。首节比赛，独行侠全民皆兵很快取得两位数的领先。第二节比赛，双方展开对轰，独行侠单节轰下40分，马刺则得到37分，独行侠在半场结束时领先马刺11分。第三节，两队手感下滑，分差一直锁定在10分左右。末节，马刺习惯性得分荒，独行侠很快将分差拉大到20分。最终，独行侠142-116大胜马刺。（修楚）,篮球
114,[NBA]76人110-105灰熊 哈登31分,,篮球
115,[NBA]绿军142-138步行者 塔图姆31分,,篮球
116,[NBA]魔术108-106活塞 小瓦格纳21分,,篮球
117,[NBA]掘金115-109骑士 约基奇三双,,篮球
118,哈登31+7+7恩比德27+19+6 76人逆转灰熊5连胜,北京时间2月24日，NBA常规赛，76人110-105险胜灰熊，76人取得5连胜。76人（39-19）：哈登31分7篮板7助攻、恩比德27分19篮板6助攻6盖帽、哈里斯20分4篮板、马克西16分4助攻灰熊（35-23）：贝恩25分8篮板、小贾伦18分9篮板、莫兰特15分3篮板5助攻、狄龙11分5篮板首节比赛，贝恩手感火热单节砍下19分，率领灰熊取得两位数的领先。首节结束时，灰熊领先76人15分。第二节。灰熊手感下滑，76人略微缩小分差。半场结束时，灰熊仍领先灰熊12分。第三节比赛，灰熊依然手感冰凉，76人将分差追到仅剩6分。末节比赛，灰熊的手感依然一般，76人逐渐完成反超。关键时刻，落后3分的灰熊连续出手三分不中，哈里斯罚球杀死比赛。最终，76人110-105险胜灰熊。（修楚）,篮球
119,珀尔特尔21+18英格拉姆36分 猛龙克鹈鹕3连胜,北京时间2月24日，NBA常规赛，猛龙115-110力克鹈鹕，猛龙取得3连胜。猛龙（29-31）：西亚卡姆26分4篮板5助攻、珀尔特尔21分18篮板、特伦特18分、巴恩斯18分5篮板3助攻、阿努诺比12分6篮板鹈鹕（30-30）：英格拉姆36分7篮板3助攻、麦科勒姆23分4篮板5助攻、瓦兰12分12篮板、理查德森11分3篮板3助攻首节比赛，双方手感都一般，猛龙取得4分领先。第二节，猛龙将分差扩大到两位数，双方围绕两位数的分差不断攀升得分。半场比赛结束时，猛龙领先鹈鹕9分。第三节，鹈鹕开始发力一度将分差追到仅剩4分，猛龙随后发力再度拉开分差。第三节结束时，猛龙已领先鹈鹕15分。末节比赛，英格拉姆率队追分，一度将分差追到只剩2分。但特伦特关键三分命中杀死比赛。最终，猛龙115-110力克鹈鹕。（修楚）,篮球
120,塔图姆31+12特纳空砍40+10 绿军加时胜步行者,北京时间2月24日，NBA常规赛，凯尔特人经过加时142-138险胜步行者。凯尔特人（43-17）：塔图姆31分12篮板7助攻、布朗30分11篮板3助攻、布罗格登24分5篮板7助攻、怀特17分3篮板、斯玛特15分5篮板3助攻步行者（26-35）：特纳40分10篮板、哈利伯顿22分14助攻3抢断、希尔德18分5篮板、马瑟林19分7篮板4助攻首节比赛，凯尔特人占得先机，很快取得两位数的领先。第二节，在步行者追上比分后，凯尔特人再度将分差拉大到两位数。在塔图姆半场8投1中的情况下，凯尔特人仍在半场结束时领先步行者10分。第三节，步行者找到状态，打出高潮缩小分差。末节比赛，步行者再次打出高潮完成反超，双方达到关键时刻。两队接连错失绝杀，比赛进入加时。加时赛，塔图姆关键补篮杀死比赛。最终，凯尔特人经过加时142-138险胜步行者。（修楚）,篮球
121,小瓦格纳21+15卡特补篮绝杀 魔术送活塞3连败,北京时间2月24日，NBA常规赛，魔术108-106险胜活塞，活塞遭遇三连败。魔术（25-35）：小瓦格纳21分15篮板、安东尼15分4篮板4助攻、卡特14分14篮板、富尔茨14分8助攻、哈里斯12分、班凯罗11分6篮板6助攻、艾萨克10分7篮板活塞（15-45）：艾维25分4助攻、伯克斯16分5篮板3助攻、海斯12分3篮板5助攻、迪亚洛12分3篮板、斯图尔特10分8篮板3助攻、怀斯曼8分10篮板首节比赛，双方紧咬比分，魔术取得2分领先。第二节，双方均手感不佳，魔术在半场结束时仅领先1分。第三节，富尔茨率队打出一波15-0的高潮，活塞则回击了一波14-0的高潮，进入最后一节时，双方的分差仍只有1分。末节比赛，魔术一直占据领先。关键时刻，怀斯曼命中关键勾手，艾维关键三分追平比分，魔术最后一攻，班凯罗上篮不中，卡特补篮绝杀。最终，魔术108-106险胜活塞。（修楚）,篮球
122,约基奇25+18+13莫布利31+9 掘金险胜骑士4连胜,北京时间2月24日，NBA常规赛，掘金115-109险胜骑士，掘金取得4连胜。掘金（42-18）：约基奇24分18篮板13助攻、波特25分6篮板、波普17分、穆雷16分9助攻、格林11分、钱查尔10分、雷吉7分4篮板骑士（38-24）：莫布利31分9篮板、米切尔22分3篮板3助攻4抢断、加兰22分5助攻、阿伦14分12篮板本场比赛，阿隆-戈登继续因伤缺阵，雷吉-杰克逊迎来掘金首秀。首节比赛，掘金占得先机，小莫布利单节高效砍下14分仍难挡掘金火力。第二节，掘金手感不佳，骑士在半场结束前完成反超。第三节，约基奇再度三节砍下三双，小莫布利单节砍下15分率领骑士领先2分结束第三节。末节，约基奇率队取得领先，关键时刻米切尔连续两次关键出手弹框而出，骑士错失追平比分的机会。最终，掘金115-109险胜骑士。（修楚）,篮球
123,斯奈德或担任老鹰新帅 曾在亚特兰大担任助教,北京时间2月24日，据相关媒体报道，亚特兰大老鹰队在与内特-麦克米兰结束合作之后，球队主教练的位置还没有确切人选。一直待业的奎因-斯奈德成为老鹰新帅的潜在候选人。美国篮球记者Shams Charania爆料，麦克米兰下课之后，老鹰队管理曾正准备聘请斯奈德来接手球队的主教练职务。斯奈德在担任犹他爵士队主教练之前，曾担任过亚特兰大老鹰队的助理教练，去往盐湖城执教时，斯奈德带队取得了372胜264负。目前老鹰队的首席助理教练乔-普朗缔被任命为球队临时主帅。（珅葳）,篮球
124,西决遇太阳怎么办？马龙：有充足人手防杜兰特,北京时间2月23日，拥有杜兰特的太阳怎么办，这已是近期内所有西部球队都必须回答的问题。近日，掘金主帅，迈克-马龙在采访中谈到了对球队的信心。主持人：如果掘金和太阳在西部决赛相遇，你们有足够的人员去防杜兰特吗？我给你压力了，因为我已经把你们放进西部决赛了。马龙：我认为我们可以，我们的管理层打造了很棒的阵容，不管是选秀、自由球员还是交易，我们现在得到了托马斯-布莱恩特、雷吉-杰克逊。我感觉我们的阵容深度和侧翼有能力去防守像勒布朗、莱昂纳德、杜兰特这类很强的前锋。当然，每支球队都很有天赋，我们会针对不同的球队有不同的防守，但我们对这样的机会感到兴奋。马龙对掘金很有信心，只是不知道这种信心能否传递给球员。（魑魅）,篮球
125,快船官方宣布正式签下威斯布鲁克,,篮球
126,快船官宣威少正式加盟球队 继续身穿0号球衣,北京时间2月23日，洛杉矶快船队官方今天正式宣布，拉塞尔-威斯布鲁克加盟球队，成为队伍中新的一员。威少在全明星开始前被洛杉矶湖人队交易到了犹他爵士队，但在盐湖城未出战任何一场比赛的情况下，威少团队与爵士管理层最终谈判完成了买断。威少在度过自己的澄清期之后，与快船队正式完成了签约，最终他接受了一份只有98万美元的合同。本赛季结束之后，威少将成为不受限制的自由球员，而在快船队这段时间的发挥，将决定威少后续在自由市场的竞争力。（珅葳）,篮球
127,曝杜兰特预计下周四复出 战黄蜂或成太阳首秀,北京时间2月23日，据相关媒体报道，凯文-杜兰特自转会加盟菲尼克斯太阳队之后，至今还没出战过比赛。近日有关他的恢复情况有了最新进展，有望在下周完成复出。美国篮球记者Shams Charania爆料，自1月9日膝盖遭遇伤病之后，杜兰特至今还没有出战过任何比赛。不过消息人士透露，杜兰特把自己在太阳队首秀的目标日期放在了下周四对阵夏洛特黄蜂队的比赛上，这场比赛太阳队将会在客场挑战对手。杜兰特本赛季场均上场36分钟，贡献29.7分5.3次助攻和6.7个篮板。（珅葳）,篮球
128,今年全明星收视率创历史最低 相比去年下滑29%,北京时间2月23日，据著名NBA记者马克-斯坦因报道，2023年NBA犹他全明星赛的收视率创历史最低。今年的全明星赛受伤病影响严重，10名全明星首发伤了5个，同时又有多位新星进入全明星，导致今年的全明星略显星味不足。与去年相比，今年全明星赛的收视率下降了29%，这是21世纪的最大跌幅。今年全明星赛的观赛人数和收视率都是NBA季中赛事历史最低的一届。（修楚）,篮球
129,实力榜：雄鹿升至榜首快船升至第7 湖人再下滑,北京时间2月23日，NBA官方公布了最新的实力榜排名，12连胜的雄鹿升至榜首，快船升至第7，太阳升至第9，勇士升至第15，湖人下滑两位排在第23位。具体排名如下：1、雄鹿（上周排名第3）2、凯尔特人（上周排名第1）3、掘金（上周排名第2）4、76人（上周排名第4）5、骑士（上周排名第5）6、灰熊（上周排名第6）7、快船（上周排名第11）8、尼克斯（上周排名第12）9、太阳（上周排名第13）10、国王（上周排名第8）11、独行侠（上周排名第9）12、篮网（上周排名第10）13、热火（上周排名第7）14、森林狼（上周排名第15）15、勇士（上周排名第16）16、鹈鹕（上周排名第17）17、老鹰（上周排名第14）18、雷霆（上周排名第18）19、奇才（上周排名第23）20、开拓者（上周排名第19）21、爵士（上周排名第20）22、猛龙（上周排名第22）23、湖人（上周排名第21）24、魔术（上周排名第25）25、步行者（上周排名第26）26、公牛（上周排名第24）27、黄蜂（上周排名第29）28、活塞（上周排名第27）29、火箭（上周排名第28）30、马刺（上周排名第30）（修楚）,篮球
130,太阳老板解读杜兰特交易 这将是没风险的决定,北京时间2月22日，杜兰特交易怎样，听老板来解密。太阳新老板马特-伊什比亚近日接受了《体育画报》的采访，并谈到了杜兰特交易。此前官宣的一笔交易中，太阳送出布里奇斯、卡梅隆-约翰逊、克劳德、四个首轮签和一个2028年的选秀权互换，从篮网得到杜兰特和TJ-沃伦。当被问及这笔交易的风险时，伊什比亚说道：“我认为没有风险，我完全不那么想。我认为这就是我们愿景的一部分，你得坚定地向目标努力，并坚持下去。当然这笔交易并不意味着我们一定会一帆风顺，或者我们一定能夺得几个冠军。但如果你清楚这么做是对的，就必须果断出手。”“我认为没有风险，我将拥有这支球队50年，所以按照统计学来说，交易来KD的风险对我而言几乎就是零。我不需要今年就夺冠，当然我想赢得一切，而且我们会为之努力。如果未来发生了什么事导致我们没能夺冠，但这个决定依旧是正确的。当你拥有世界上最好的信息去做决定时，你就得果断出手，然后全力执行，最后努力让一切按预期运行下去。”伊什比亚说道：“有关交易杜兰特，我们全队、所有人都一致同意，这说实话并不是一个艰难的决定。但我们真的很不想让一些老朋友离开，因为我们真的爱他们，可最终，正确的决定是，我们需要这笔交易让球队在未来3-4年最大化竞争力。”“我对于太阳的愿景是，成为联盟长期领先的队伍，而不是仅仅去追求一个冠军。能夺冠当然很好，我们也想要，但关键在于要如何创造一种赢球的文化。我们现在做的不仅仅是为了今年取得好成绩，我们要在2027年、2029年、2031年再次夺冠。我们会一直追求冠军，不只是赢在当下，而是一直赢下去。机会不会每天都出现，但你得去尝试。”（魑魅）,篮球
131,官宣：篮网与沃恩完成续约 带队胜率接近六成,北京时间2月22日，据相关媒体报道，布鲁克林篮网队与主教练雅克-沃恩完成了续约，双方签订了一份为期多年的续约合同。本赛季开始之初，篮网队就炒掉了主教练史蒂夫-纳什，时任助理教练的沃恩就顶替了纳什，担任了球队临时主教练。随后篮网队将沃恩任命为主教练，在他的带领下篮网队一度杀入到了东部前四名。截至目前沃恩在带队期间，篮网队取得了34胜24负的战绩，目前篮网队位列东部第五位。篮网队官方宣布沃恩与球队续约了一份为期两年的合同，2023-24赛季为球队选项。（珅葳）,篮球
132,官宣:公牛正式签下贝弗利 裁掉布拉德利腾位置,北京时间2月22日，公牛官方宣布正式签下帕特里克-贝弗利。贝弗利在交易截止日前被湖人交易至魔术，随后与魔术达成买断。贝弗利引起了多支球队的兴趣，最终他选择了加盟家乡球队公牛。本赛季至今，贝弗利出战45场常规赛，场均贡献6.4分3.1篮板2.6助攻。为了签下贝弗利，公牛裁掉了中锋托尼-布拉德利。（修楚）,篮球
133,老鹰解雇主帅麦克米兰 斯奈德成新帅头号候选,北京时间2月22日，据著名NBA记者沃神报道，老鹰已解雇主帅内特-麦克米兰。老鹰助教乔-普朗蒂预计将成为球队代理主帅。麦克米兰自20-21赛季起执教老鹰三个半赛季，期间常规赛99胜80负，季后赛11胜12负。本赛季，老鹰目前以29胜30负的战绩排名东部第八。赛季初期就有消息表示，老鹰主控特雷杨与主帅麦克米兰不和，这是老鹰解雇麦克米兰的原因之一。老鹰已即刻开始寻找新帅，老鹰对主帅的需求为：善于培养球员、具备责任感以及让球队的攻防效率均进入联盟前十。前爵士主帅斯奈德将成为老鹰新帅的头号候选人，其余人选还有雄鹿首席助教查尔斯-李与勇士助教阿特金森。此外，国王助教乔迪-费尔南德斯、马刺助教米奇-约翰逊、湖人下属发展联盟南湾湖人主帅迈尔斯-西蒙也都在老鹰的考察范围之内。（修楚）,篮球
134,官宣：球哥再度赛季报销 一年内两次膝盖手术,北京时间2月22日，公牛队官方宣布，公牛主控隆佐-鲍尔再次赛季报销，无缘本赛季剩余所有赛程。鲍尔去年1月15日开始因为膝伤缺阵，期间经历了两次膝盖手术，但目前膝盖在剧烈运动时仍会感到疼痛，公牛最终决定让鲍尔本赛季剩余时刻安心养伤。鲍尔本赛季确定报销，将继续专注于恢复，以期能在下赛季健康回归。据薪资专家鲍比-马克思报道，鲍尔与公牛的合同在本赛季结束后还剩两年，23-24赛季薪金2050万美元，24-25赛季2140万美元。根据联盟规定，如鲍尔被认定因伤生涯结束，则鲍尔的剩余薪金可从公牛的工资帽中被剔除。（修楚）,篮球
135,詹姆斯拒连续无缘季后赛 1数据示湖人真有希望,随着NBA全明星赛收官，30支球队也难得迎来短暂假期，为常规赛最后阶段蓄力。除了小部分坦克队外，东西区头部球队依旧不能放松，季后赛主场优势非常重要，而部分球队尚未丧失季后赛希望，附加赛竞争资格也相当激烈，特别是西部赛区。目前，西部大概率由勇士(29-29)、雷霆(28-29)、爵士(29-31)、开拓者(28-30)、湖人(27-32)5支球队竞争2个附加赛名额。如上表所示，根据相关机构给出的最新数据看，勇士无论从战绩还是赔率都大概率获得附加赛资格，而其余几支球队中，战绩最差的湖人反而更被看好，这其实也不难理解。交易截止日，湖人送走威少、贝弗利、托马斯-布莱恩特，得到拉塞尔、比斯利、班巴、范德比尔特，算上此前得到八村垒，紫金军在并未损失太多未来选秀权的情况下极大补强此前缺少的投射能力和尺寸。更为重要的是，经历了一个半赛季的合作，“360”组合确实难言适配，拉塞尔或许在名气上远不如威少，但他的投射、挡拆后的选择、组织能力是湖人更加适配湖人需求，“361”组合搭档的首场比赛也带来不小惊喜。从赛程方面来看，湖人最后23场比赛虽难称“魔鬼”，但绝对不轻松。除了魔术、火箭（2场），其余对手大多身处季后赛区，勇士、雷霆等更是附加赛直接竞争对手，1场顶2场的卡位战。在此之前，湖人在往往在卡位赛中表现不佳，全明星赛前连续不敌雷霆、开拓者，其实已经在竞争中落于下风。当然，湖人的竞争之本还是“詹眉”组合，詹姆斯今年可以说保持了相当出色的竞争力，而浓眉仍旧是打打停停，复出后整体表现平平，巅峰的年龄还是难以扛起湖人当家的大旗。实际上，在足部应力性伤病之前，戴维斯可是打出了MVP级别的实力，阵容换血后，无论是范德比尔特、班巴带来的内线支持，还是比斯利、拉塞尔外线牵扯出的空间，这都更加利于AD的发挥，他的表现绝对是湖人能否打入附加赛的重要指标。全明星期间，詹姆斯接受采访表示，他不想看到自己连续2年无缘季后赛。对于这支全新的湖人而言，他们已经没有容错空间了，全明星假期便是很好的磨合机会，成与败，也就剩这最后23场常规赛。您看好他们吗？（卡沙）,篮球
136,哈登下赛季回火箭概率高达7成 和年轻人在一起,哈登回火箭，这不是天方夜谭。近日，《The Athletic》的火箭记者Kelly Iko在个人专栏表示，哈登回火箭可能性高达70%。Kelly Iko在个人专栏中表示，在他看来，哈登在下赛季开始时有70%的可能回到火箭。“无风不起浪，别说我疯了，我可能只是看到了一些不一样的东西，”该名记者写道。哈登下赛季手持3564万美元的球员选项，届时他将有权力决定自己的未来。他本赛季仍会效力76人，给76人最后一个机会去争冠，下赛季才返回火箭。在外面漂泊许久，哈登效力于篮网和76人，组成过三巨头，搭档过恩比德，但都无法顺利夺冠，不如回到火箭，和一帮年轻人在一起。（魑魅）,篮球
137,贝弗利预计签约芝加哥公牛队,,篮球
138,两年前威少曾险些加盟快船 为去湖人拒绝交易,北京时间2月21日，据相关媒体报道，拉塞尔-威斯布鲁克计划近期加盟洛杉矶快船队，而在他做出决定之后，奇才队总经理透露了2年前的一个计划。奇才队总经理汤米-谢波德在接受采访时，谈到了威少之前的一笔交易讨论。“威少在奇才队时从未要求过交易，他是说如果把我送到湖人队，我会同意的，那是我想要的地方。如果不行的话我会继续留在奇才，我问过他如果送去快船队呢，他当时说绝对不去。”谢波德说道。威少在与爵士队买断之后，将与快船队签订新合同，加盟新的球队。（珅葳）,篮球
139,威少与爵士达成买断并计划加入快船,,篮球
140,雄鹿10天合同签莱昂纳德 曾因反犹行为被禁赛,北京时间2月21日，据著名NBA记者沃神报道，雄鹿用一份10天合同签下大个射手迈尔斯-莱昂纳德。迈尔斯-莱昂纳德在2021年因为直播中使用反犹词汇而被热火禁赛，随后被交易到雷霆并被雷霆裁掉，之后一直无球可打。雄鹿目前仍有一个阵容名额，他们希望签下一位有季后赛经验的大个投手，最终他们选择了迈尔斯-莱昂纳德。迈尔斯-莱昂纳德曾随热火打过总决赛，他出战的近4个赛季三分命中率都超过四成，雄鹿一直在对他进行考察，并在上个月试训了他。最终，雄鹿决定用一份10天合同签下迈尔斯-莱昂纳德，如果他能够在这份10天合同内表现出色，将有望签下一份持续到赛季结束的合约。（修楚）,篮球
141,定了！贝弗利确定将加盟公牛 辅佐拉文德罗赞,北京时间2月21日，据著名NBA记者沙姆斯-查拉尼亚报道，帕特里克-贝弗利将加盟公牛。贝弗利在交易截止日被湖人交易至魔术，贝弗利随后与魔术完成买断，多支球队对他表达了兴趣。在威少决定加盟快船之后，贝弗利也最终下定决心，将加盟控卫少人的公牛。公牛主控郎佐-鲍尔预计将会赛季报销，贝弗利将成为拉文和德罗赞身边的防守尖兵。该笔签约最早会在明天完成，公牛为完成签约需要裁掉一人腾出阵容空间。本赛季至今，贝弗利出战45场常规赛，场均贡献6.4分3.1篮板2.6助攻。（修楚）,篮球
142,重磅！威少与爵士达成买断 澄清期后加盟快船,北京时间2月21日，据著名NBA记者沃神报道，拉塞尔-威斯布鲁克将与爵士达成买断，并在度过澄清期后加盟快船。威少在此前交易截止日被湖人交易至爵士，爵士欢迎威少加盟球队，同时也明确表示由于要优先培养年轻人，无法保证威少的出场时间和角色。在爵士的许可下，威少与多支有意他的球队进行了商谈，最终选择了加盟最有诚意的快船队。预计威少将在快船获得首发位置，但不会加盟之后立马首发，他将在今日前往洛杉矶进行体检。在买断时，威少的合同还剩1320万美元。威少预计将在当地时间周三和快船签下一份78万4914美元的老将底薪合同。（修楚）,篮球
143,约基奇：我能够和恩比德搭档 我会去打四号位,北京时间2月20日，恩比德和约基奇是天生的对手，也是队友。今天约基奇在与恩比德搭档过后，表示他和恩比德能在正式比赛中很好地搭档。今日NBA全明星正赛，詹姆斯队175-184不敌字母哥队。通过赛前选人，约基奇与恩比德都被选在了詹姆斯队。在赛后接受采访时，约基奇对此这样说道：“我能与恩比德在正式比赛中很好地搭档，为了能有更好的防守，他会去打4号位。”此役，约基奇4中2，仅得4分5板6助2断；恩比德19中14，三分8中4，得到32分7板4助1断。恩比德和约基奇在过去两季曾有过正面的竞争。恩比德2次被选为MVP候选人，最后却都是约基奇获奖，恩比德大有一种“既生瑜何生亮”的感觉。如果两人成为队友，那岂不是天作之合。（魑魅）,篮球
144,[NBA全明星]字母哥队184-175詹姆斯队 塔图姆55分,,篮球
145,全明星:字母哥队战胜詹姆斯队 塔图姆55分MVP,北京时间2月20日，NBA全明星正赛，字母哥队184-175战胜詹姆斯队，杰森-塔图姆当选全明星MVP。字母哥队：塔图姆55分10篮板6助攻、米切尔40分4篮板10助攻3抢断、利拉德26分3篮板4助攻3抢断、马尔卡宁13分7篮板、西亚卡姆12分7篮板4助攻、亚历山大9分2篮板7助攻、德罗赞8分6篮板5助攻、莫兰特6分3篮板3助攻、阿德巴约4分、霍勒迪3分2助攻、字母哥2分詹姆斯队：杰伦-布朗35分14篮板5助攻2抢断、恩比德32分6篮板4助攻、欧文32分7篮板15助攻、哈利伯顿18分3助攻、詹姆斯13分4助攻、爱德华兹12分4篮板、兰德尔11分2篮板2助攻、贾伦-杰克逊6分、约基奇4分5篮板6助攻2抢断、东契奇4分2篮板5助攻。本场比赛，双方几乎没有防守，对飙三分和扣篮，首节比赛双方打成46平。第二节，莫兰特和詹姆斯上演暴扣，字母哥队单节取得7分领先。半场结束时，字母哥队99-92领先詹姆斯队7分。詹姆斯上半场手部受伤提前退场，下半场再未出战。第三节，塔图姆连续命中三分，单节进7记三分砍下27分。利拉德也是连连命中超远三分。第三节结束后，字母哥队已经以158-141领先詹姆斯队17分。末节比赛，双方差距过大，比赛依然没有防守强度，利拉德再中超远三分杀死比赛，最终字母哥队184-175轻松取胜詹姆斯队。塔图姆全场狂砍55分，打破浓眉此前创造的全明星单场得分纪录，最终当选全明星MVP。（修楚）,篮球
146,詹姆斯全明星上半场手部受伤 下半场不再出战,北京时间2月20日，据TNT报道，湖人当家球星勒布朗-詹姆斯因手部受伤不会再出战全明星下半场的比赛。上半场比赛，詹姆斯出战14分钟，11投6中，拿到13分1篮板4助攻。詹姆斯成为今年第五个受伤的全明星首发，字母哥队的队长字母哥也因手部伤势本场比赛没有登场。在今日得到13分之后，全明星正赛总得分来到了426分，继续排名NBA历史第一。排在他身后的分别是科比（290分）和乔丹（262分）。NBA官方在全明星中场为詹姆斯举办了加冕NBA历史得分王的庆祝活动。（修楚）,篮球
147,詹姆斯重申未来想当NBA球队老板 或在赌城建队,北京时间2月20日，NBA全明星正赛今天正式开战，在比赛开始前洛杉矶湖人队球星勒布朗-詹姆斯接受采访时，透露了在退役之后的一些计划。美国篮球记者Rchael Nichols爆料，詹姆斯在接受采访时重申了自己确实是未来希望能够拥有一支NBA球队，很可能这支球队会在拉斯维加斯。在当今联盟，夏洛特黄蜂队老板就是曾经的NBA巨星迈克尔-乔丹。NBA联盟也曾经表达过未来可能扩军的想法，其中西雅图和拉斯维加斯都是可能增加球队的两个地区。（珅葳）,篮球
148,全明星选人结果出炉：詹姆斯再度打造梦幻阵容,北京时间2月20日，NBA全明星选人结束，具体结果如下。首发阵容：詹姆斯队：詹姆斯、欧文、东契奇、恩比德、约基奇字母哥队：字母哥、莫兰特、米切尔、塔图姆、马尔卡宁替补阵容：詹姆斯队：爱德华兹、杰伦-布朗、乔治、哈利伯顿、兰德尔、福克斯、贾伦-杰克逊字母哥队：利拉德、霍勒迪、亚历山大、德罗赞、西亚卡姆、阿德巴约、小萨博尼斯以上名字顺序为双方的选人顺序。（修楚）,篮球
149,詹姆斯:最后23场每场都打 职业生涯最重要23场,北京时间2月20日，湖人当家球星勒布朗-詹姆斯参加全明星赛前采访，詹姆斯表示将会出战赛季最后所有23场常规赛，来确保球队能够打进季后赛。詹姆斯说道：“本赛季剩余的23场比赛是我职业生涯中最重要的23场常规赛。剩余23场比赛我希望每场比赛都打。只要我们能打进季后赛，我们就能与任何球队竞争。我不认为自己会连续两年没有打进季后赛。”湖人目前27胜32负排名西部第13位，与西部排名第3的国王仅差6个胜场，与排名第7的鹈鹕之间只差3个胜场。（修楚）,篮球
150,勒夫将在澄清期后加盟热火 热火仍可再签一人,北京时间2月20日，据著名NBA记者沃神报道，凯文-勒夫将在度过澄清期后加盟热火。勒夫在此前与骑士完成买断，他与76人进行了会面，但最终决定加盟能够获得更大角色的热火。本赛季常规赛至今，勒夫场均上场20分钟，能够得到8.5分6.8篮板1.9助攻。在签下勒夫之后，热火仍有一个阵容空间，并且他们仍然有很大一部分的中产特例可用，可以用来签下另外一名球员。（修楚）,篮球
151,字母哥：6支球队可争冠 米豆复出不能保证夺冠,北京时间2月19日，人人心中都有夺冠经。今天扬尼斯-阿德托昆博接受了采访，今年可能有6支球队有机会夺冠，雄鹿是其中之一。阿德托昆博今日出席了全明星周末的媒体采访。被问到今年的总冠军时，阿德托昆博表示：“通常来说，每年有4支球队可能夺冠，但今年可能有6支球队有机会，我相信我们是其中之一。但是没有什么是可以保证的，没有人会给你一个冠军，你要去自己竞争，这会很困难，你要准备好打很多艰难的、对抗很强的比赛。“如果你在常规赛已经有了好的习惯，那你就有很大的机会赢球，但今年的冠军竞争肯定会很开放。”被问到需要做出怎样的调整才能夺冠时，阿德托昆博表示：“上赛季我们没有米德尔顿，他是我们队最好的球员之一，他是一个威胁，他攻守兼备，他为我们做了很多事。但是，米德尔顿回归并不能保证我们夺冠，我们要养成好的习惯，我们要团结一致，我们需要继续进步。“很明显，现在NBA有很多球队打得很棒，波士顿、费城、丹佛、孟菲斯，他们都打得很棒。所以我们要关注自身，希望我们有机会进入总决赛。”（魑魅）,篮球
152,扣篮大赛:麦克朗完美4扣夺冠 转身540震惊世界,北京时间2月19日，NBA全明星扣篮大赛，76人双向球员迈克-麦克朗凭借4记完美的扣篮，以近乎满分的成绩当选扣篮大赛冠军。预赛阶段，麦克朗第一扣就技惊四座，两记扣篮仅丢一分的他和墨菲一起进入决赛。决赛阶段，麦克朗用一记空中停顿超级拉杆和转身540度的完美扣篮满分夺冠。身高1米88的麦克朗用完美的发挥，夺得了扣篮大赛的冠军。（修楚）,篮球
153,全明星三分大赛:利拉德夺冠 哈利伯顿预赛31分,北京时间2月19日，NBA全明星三分大赛，开拓者球星达米安-利拉德在决赛中投出26分惊险夺冠。预赛阶段：第一位出场的是塔图姆拿到20分，第二位出场的哈利伯顿手感火热投中31分，追平了改制以来库里的历史最高分。第三位出场的希尔德，拿到23分。第四位出场的希罗仅得18分，第五位出场的兰德尔仅得13分。第六位出场的是国王神射手赫尔特失准，仅得8分，垫底出局。第七位出场的是东道主爵士队的球星马尔卡宁，他最终拿到20分。最后一位出场的是利拉德，最终他拿到26分，将塔图姆和马尔卡宁淘汰出局。决赛阶段：首轮拿到23分的希尔德率先出场，发挥不错，拿到25分。第二位出场的利拉德，最后一个花球点位利拉德5中4，最后一球压哨命中得到26分，绝杀希尔德。最后出场的是预赛手感最好的哈利伯顿，预赛追平历史纪录的他在决赛失准，只得到17分。最终，利拉德凭借26分惊险取胜获得三分大赛冠军。（修楚）,篮球
154,全明星技巧大赛：爵士队夺冠 新秀队疯狂打铁,北京时间2月19日，NBA2023全明星技巧挑战赛，爵士队战胜字母队和新秀队夺得技巧挑战赛冠军。今年全明星技巧大赛分为三个队：字母兄弟队、爵士球员队和新秀队。字母兄弟队由字母三兄弟萨纳西斯-安泰托昆博、扬尼斯-安泰托昆博和亚历克斯-安泰托昆博组成。由于字母哥受伤，队友霍乐迪代替其出战。爵士球员队由三名爵士球员乔丹-克拉克森、沃克-凯斯勒和科林-塞克斯顿组成。新秀队由状元秀保罗-班凯罗、5号秀杰登-艾维和探花秀贾巴里-史密斯二世。本场比赛分为三轮，前两轮获胜者可得100分，第三轮获胜者可得200分，三轮结束后分高者即为冠军，若三轮结束后有平分出现，则比拼中场投篮，最快投进的一队夺冠！第一轮比赛是接力比拼，新秀队虽然在底角三分环节9投仅有1中，但凭借速度最快，获得本轮的100分。第二轮比赛是传球比拼，字母兄弟队得到84分，新秀队得到78分，爵士队得到88分赢下比赛获得本轮的100分。第三轮比赛是投篮比拼，字母哥队得到8分，新秀队投篮疯狂打铁合计13投2中，最终仅有班凯罗得到3分，爵士队上来毫无压力得到13分轻松赢下本轮的200分。最终，爵士队以300分夺得今年的技巧挑战赛冠军。（修楚）,篮球
155,NBA球员工会选举结果:副主席伊戈达拉欧文离任,北京时间2月19日，NBA球员工会公布了最新的工会选举结果，格兰特-威廉姆斯成为球员工会首席副主席，安德烈-伊戈达拉和凯里-欧文任期结束。伊戈达拉作为球员工会首席副主席的4年任期今天结束，欧文球员工会副主席的3年任期也在今天结束。最新选举结果为格兰特-威廉姆斯成为球员工会首席副主席，任期4年。小贾伦-杰克逊和多诺万-米切尔当选球员工会副主席，两人的任期皆为3年。NBA球员工会现任主席是CJ-麦科勒姆，他在2021年接替保罗，任期为4年。（修楚）,篮球
156,官宣：骑士正式与勒夫买断 承诺将退役他球衣,北京时间2月19日，克利夫兰骑士队官方宣布，球队正式与功勋老将凯文-勒夫达成买断，骑士承诺将退役勒夫的球衣。34岁的勒夫已为骑士效力9个赛季，曾帮助球队连续4年打进总决赛，并在2016年帮助骑士夺得队史首冠。他在骑士曾两次入选全明星，骑士生涯场均得到15.7分9.2篮板2.2助攻。本赛季，勒夫场均出战20分钟，能够贡献8.5分6.8篮板1.9助攻。近期勒夫掉出轮换，于是与球队商讨买断，去其他球队寻找更重要的角色。据悉，热火是勒夫的下家领跑者，不过他计划先和76人进行会面。目前76人只能给他提供60万美元的老将底薪，而热火还可以给出320万美元的中产特例。（修楚）,篮球
157,全明星新秀赛：加索尔队夺冠 阿尔瓦拉多获MVP,北京时间2月18日，NBA全明星新秀赛决赛，加索尔队25-20击败诺阿队夺冠。加索尔队：马瑟林7分2助攻、巴恩斯6分2篮板、阿尔瓦拉多5分、班凯罗4分、艾维3分诺阿队：格莱姆斯14分、杰伦-威廉姆斯2分2助攻、基迪2分3篮板、索汉1分1篮板、史密斯1分2篮板按照赛制，全明星新秀赛的决赛先得到25分的球队取胜。比赛开始后，双方比分交替领先，格莱姆斯连续得分，马瑟林也能换上。关键时刻，阿尔瓦拉多命中致胜三分杀死比赛。最终，加索尔队25-20击败诺阿队拿到新秀赛冠军。阿尔瓦拉多获得了全明星新秀赛MVP，他在半决赛砍下全队最高的13分，决赛命中致胜三分。（修楚）,篮球
158,全明星新秀赛:诺阿队力克特里队 格莱姆斯13分,北京时间2月18日，NBA全明星新秀赛，诺阿队40-32战胜特里队，诺阿队与加索尔队会师决赛。诺阿队：格莱姆斯13分、小莫布里8分2篮板2助攻、索汉6分、史密斯4分、杰伦-威廉姆斯4分5篮板2助攻、基迪3分3篮板6助攻、伊森2分2篮板特里队：麦克朗10分2篮板2助攻、洛夫顿7分4篮板、小皮蓬5分、亨德森4分2助攻、米勒4分3篮板、莫哈韦-金2分2篮板本届新秀赛分为四队两两对决，先得到40分的球队取胜，取胜的队伍进入决赛。本场比赛，格莱姆斯率队很快取得两位数领先，特里队麦克朗连续得分将分差追上。暂停回来，基迪三分率队再次拉开比分，格莱姆斯追身三分杀死比赛，最终诺阿队40-32战胜特里队晋级决赛。（修楚）,篮球
159,全明星新秀赛：加索尔队战胜德隆队 老六13分,北京时间2月18日，NBA全明星新秀赛，加索尔队40-25击败德隆队，加索尔队进入新秀赛决赛。加索尔队：阿尔瓦拉多13分、班凯罗9分5篮板、马瑟林7分2篮板、艾维4分2篮板、穆雷3分4篮板2助攻、巴恩斯2分8篮板4助攻、内姆哈德2分2助攻德隆队：墨菲9分2篮板2助攻、海兰德7分2篮板2助攻、多孙穆4分2助攻、AJ-格里芬3分、小瓦格纳3篮板、凯斯勒2分本届新秀赛分为四队两两对决，先得到40分的球队取胜，取胜的队伍进入决赛。本场比赛，加索尔队对阵德隆队，加索尔队利用防守反击很快拉开比分，德隆队努力追赶。阿尔瓦拉多化身进攻核心率队将分差拉大，基根-穆雷三分命中杀死比赛。最终，加索尔队40-25击败德隆队。（修楚）,篮球
160,最新MVP榜:约基奇连续8周榜首 恩比德重回前三,北京时间2月18日，NBA官方更新了最新一期MVP榜单，尼古拉-约基奇连续第八周排名榜首，乔尔-恩比德重回前三，凯文-杜兰特仍排第六，詹姆斯-哈登和勒布朗-詹姆斯获得提名。具体排名如下：1、尼古拉-约基奇（上期排名：1）场均24.7分11.5篮板10.1助攻2、扬尼斯-安泰托昆博（上期排名：2）场均31.8分12.2篮板5.4助攻3、乔尔-恩比德（上期排名：4）场均33.1分10.2篮板4.1助攻4、杰森-塔图姆（上期排名：4）场均30.6分8.6篮板4.5助攻5、卢卡-东契奇（上期排名：5）场均33.3分8.8篮板8.1助攻6、凯文-杜兰特（上期排名：6）7、朱利叶斯-兰德尔（上期排名：9）8、贾-莫兰特（上期排名：9）9、谢伊-吉尔杰斯-亚历山大（上期排名：10）10、多纳塔斯-萨博尼斯（上期排名：8）其他获得提名的球员：巴姆-阿德巴约、詹姆斯-哈登、勒布朗-詹姆斯、达米安-利拉德、多诺万-米切尔。（修楚）,篮球
161,威少已与快船完成会面 之后将与乔治小卡会面,北京时间2月18日，据快船跟队记者劳-穆雷报道，快船已与拉塞尔-威斯布鲁克完成会面，后者将在之后与保罗-乔治和科怀-莱昂纳德会面。威少在交易截止日被湖人交易至爵士，双方预计将进行买断，目前爵士已经许可威少与买断后的潜在下家进行接触。最新消息显示，快船已与威少完成会面，双方就如果合作威少的角色进行了沟通。威少将在此后和快船的两位核心球员乔治和莱昂纳德会面。威少必须在当地时间3月1日之前做出决定，才有资格在之后参加季后赛。（修楚）,篮球
162,KD说还没为太阳做任何事 沙克却让他不必谦逊,北京时间2月18日，杜兰特在谦逊，奥尼尔却让他不要谦逊。今天，据《亚利桑那中央报》报道，杜兰特在发布会上感谢太阳球迷的支持，但谦逊地表示自己还没有为太阳做到任何事。而奥尼尔在节目中表示，杜兰特关键时刻不要过分谦让。昨天，太阳为杜兰特召开了发布会。谈到太阳球迷对自己的支持，他说：“我非常感谢，但是我认为我真的还配不上，因为虽然我在篮球方面取得了很多成就，但我还没有穿着太阳球衣做到任何事情。我很期待。”“我想上场为你们尽我所能。所以我感谢你们的热烈欢迎，但我有更多的工作要做。”今日，名宿奥尼尔在播客节目《The Big Podcast》中谈到了杜兰特加盟太阳一事。奥尼尔说道：“（KD加盟）太阳成为了一支更加危险的球队，其实太阳队内部有一些问题。当你得到了KD之后，加速了一切的发展。每个人还要搞清楚自己在队里的定位，每个人都要做出牺牲。”“东契奇和欧文他们俩互相都很欣赏，在比赛最后时刻过分谦让。之前我和科比的分工是我参与前三节，到第四节你就别管我你要去接管比赛，第四节别指望我去做什么，这是你的表演时间。一旦我们达成这个协议，我们就‘起飞’了。”“不论是独行侠还是太阳，他们都需要决定出谁来执行最后一攻，KD和布克都可以得分，在季后赛第六场或者第七场，需要人站出来得分的时候，他们需要有一个人能站出来。”（魑魅）,篮球
163,官宣：快船裁掉中锋摩西-布朗 将签下一名后卫,北京时间2月18日，快船官方宣布裁掉球队中锋摩西-布朗。摩西-布朗是快船的双向球员，本赛季为快船出战34场，场均可以得到4.6分4.1板，命中率为63.5%。裁掉摩西-布朗之后，快船将与后卫内特-达林签订一份双向合同。内特-达林本赛季效力于快船下属发展联盟球队，在发展联盟场均21.4分。（修楚）,篮球
164,2023名人堂最终候选名单：韦德诺维茨基领衔,北京时间2月18日，奈史密斯篮球名人堂官方公布了2023届名人堂的最终候选人名单，德维恩-韦德和德克-诺维茨基在内多名NBA名宿等入围。NBA方面的入选的有：韦德（3届总冠军，2006年FMVP，8次最佳阵容，13届全明星，NBA历史75大巨星）诺维茨基（2011年总冠军，2011年FMVP，2006-07赛季MVP，12次最佳阵容，14届全明星，NBA历史75大巨星）帕克（4届总冠军，2007年FMVP，4次最佳阵容，6届全明星）保罗-加索尔（2届总冠军，4次最佳阵容，6届全明星）波波维奇（马刺队主教练，5届总冠军，执教胜场数NBA历史第一）（修楚）,篮球
165,[NBA]快船116-107太阳,,篮球
166,[NBA]奇才114-106森林狼 比尔35分,,篮球
167,乔治26分莱昂纳德16分保罗11助 快船力克太阳,北京时间2月17日，NBA常规赛，快船116-107力克太阳，快船反超太阳升至西部第四，太阳跌至西部第五。快船（33-28）：乔治26分6篮板5助攻、曼恩26分4篮板3助攻、莱昂纳德16分9篮板4助攻、祖巴茨13分12篮板、戈登13分7助攻太阳（32-28）：奥科吉24分5篮板3抢断、布克19分3篮板9助攻、艾顿18分6篮板、罗斯16分4篮板4助攻、保罗5分11助攻首节比赛，快船占得先机取得5分领先。第二节，奥科吉和特伦斯-罗斯率领太阳追分。莱昂纳德上半场比赛8投0中一分未得，但快船在半场结束时仍握有2分领先。第三节，太阳完成反超，曼恩得分率队再度取得领先。末节，快船牢牢掌握优势，莱昂纳德神奇2+1杀死比赛。最终，快船116-107力克太阳。（修楚）,篮球
168,[NBA]雄鹿112-100公牛 洛佩兹33分字母哥伤退,,篮球
169,比尔35分爱德华兹空砍34分 奇才逆转胜森林狼,北京时间2月17日，NBA常规赛，奇才114-106逆转战胜森林狼。奇才（28-30）：比尔35分6篮板5助攻、库兹马16分7篮板、波尔津吉斯14分6篮板、基斯珀特15分3篮板、赖特10分6篮板3助攻、阿夫迪亚10分9篮板4助攻森林狼（31-30）：爱德华兹34分5篮板3助攻、安德森18分8助攻5篮板、戈伯特17分19篮板3盖帽、麦克丹尼尔斯15分8篮板首节比赛，主场作战的森林狼火力全开，爱德华兹单节砍下18分率队打出30-10的开局，取得20分领先。第二节，奇才不断追分，半场结束时，奇才已经竟分差追到仅剩8分。第三节，森林狼再度将分差拉大到两位数，一度领先达到18分。末节，奇才打出高潮完成反超，比尔三分命中杀死比赛。最终，奇才114-106逆转战胜森林狼。（修楚）,篮球
170,字母哥伤退洛佩斯33分 雄鹿12连胜送公牛6连败,北京时间2月17日，NBA常规赛，雄鹿112-100力克公牛，雄鹿豪取12连胜，公牛遭遇6连败。雄鹿（41-17）：字母哥2分7篮板3助攻、洛佩斯33分7篮板、卡特22分6篮板6助攻、霍勒迪15分6篮板9助攻、AJ-格林15分、阿伦10分3篮板公牛（26-33）：武切维奇22分16篮板3助攻、拉文18分4篮板、帕威16分5篮板、达伦-特里13分7篮板6助攻本场比赛，德罗赞继续缺阵。首节比赛，洛佩斯手感出色单节砍下15分，率领雄鹿领先公牛10分结束第一节。第二节，字母哥手部受伤提前退场，拉文率队追分。半场结束时，雄鹿仍领先公牛12分。第三节，双方均未能改变分差。末节，雄鹿外线连续开火将分差拉大到20分以上，比赛失去悬念。最终，雄鹿112-100力克公牛。（修楚）,篮球
171,NBA官方:兰德尔代替西蒙斯参加全明星三分大赛,北京时间2月16日，NBA官方宣布，由于开拓者球员安芬尼-西蒙斯受伤，尼克斯球员朱利叶斯-兰德尔将代替他参加全明星三分大赛。兰德尔本赛季场均24.8分10.8篮板4.1助攻，三分命中率33.8%。其余参加三分大赛的球员包括：泰瑞斯-哈利伯顿（步行者）、泰勒-希罗（热火）、巴迪-希尔德（步行者）、凯文-赫尔特（国王）、达米安-利拉德（开拓者）、劳里-马尔卡宁（爵士）、杰森-塔图姆（凯尔特人）。参赛球员的三分命中如如下：塔图姆：三分命中率35.3%希罗：三分命中率36.9%利拉德：三分命中率37.5%赫尔特：三分命中率39%哈利伯顿：三分命中率39.8%马尔卡宁：三分命中率41.2%希尔德：三分命中率42.3%（修楚）,篮球
172,快船已与威少进行对话 内部讨论是否签约威少,北京时间2月17日，据著名NBA记者沙姆斯-查拉尼亚报道，快船已经与拉塞尔-威斯布鲁克进行了对话。威少在交易截止日被湖人交易至爵士，双方预计将进行买断，目前爵士已经许可威少与买断后的潜在下家进行接触。最早的报道显示，公牛、快船、奇才和热火都与威少进行了接触，威少将考虑在下家所处的位置。在几支可能的下家中，快船是展示最多诚意的一支，快船核心保罗-乔治多次在接受采访时公开招募威少，表示球队需要威少。快船已经和威少进行了对话，内部也在讨论引援威少的可能性。（修楚）,篮球
173,官宣:马祖拉转正成球队主帅 双方达成一份新约,北京时间2月16日，凯尔特人官方宣布，球队临时主帅马祖拉正式转正成为球队主教练。去年夏天，凯尔特人主帅乌度卡与队内女工作人员的不当关系被曝光，乌度卡被凯尔特人禁赛一年，凯尔特人助教马祖拉开始担任球队临时主帅。马祖拉担任临时主帅之后，凯尔特人的成绩依旧高居联盟榜首，马祖拉也成为了全明星东部队的主帅。在全明赛前，凯尔特人决定将马祖拉转正，后者正式成为球队主教练，同时双方达成一份新的续约合同。34岁的马祖拉成为凯尔特人队史第19位主教练。（修楚）,篮球
174,[NBA]湖人120-102大胜鹈鹕 安东尼·戴维斯28分,,篮球
175,[NBA]掘金118-109独行侠 约基奇三双东契奇37分,,篮球
176,骑士与勒夫买断结束9年合作 热火成其潜在下家,北京时间2月16日，据相关媒体报道，克利夫兰骑士队与凯文-勒夫达成买断协议，迈阿密热火队成为其潜在下家。美国篮球记者Shams Charania爆料，作为2016年的夺冠功臣，勒夫与球队买断之后，将继续寻找有竞争力的球队。消息人士透露，热火队一直希望引进一位能够投篮的大个球员，预计会成为勒夫重点考虑的下家。本赛季勒夫一共为骑士队出战41场比赛，场均上场20分钟，贡献8.5分6.8个篮板和1.9次助攻。（珅葳）,篮球
177,詹姆斯出场时间创赛季新低 连续37场得分20+,北京时间2月16日，洛杉矶湖人队主场迎战新奥尔良鹈鹕，本场比赛勒布朗-詹姆斯表现抢眼，帮助湖人队以120比102获胜。此役詹姆斯出战29分钟，14投7中得到21分，外加6个篮板和6次助攻。詹姆斯在场期间，个人效率值为+14。数据统计显示，这是詹姆斯本赛季第一次上场时间低于30分钟，连续37场比赛得分20+。（珅葳）,篮球
178,浓眉28+10詹姆斯回归班巴首秀 湖人大胜鹈鹕,北京时间2月16日，NBA常规赛，湖人120-102大胜鹈鹕。湖人（27-32）：浓眉28分10篮板5助攻、詹姆斯21分6篮板6助攻、拉塞尔21分7助攻、施罗德10分、范德比尔特6分4篮板、班巴4分6篮板3盖帽鹈鹕（30-29）：英格拉姆25分4篮板、麦科勒姆22分6篮板9助攻、埃尔南14分11篮板、瓦兰丘纳斯12分11篮板、琼斯11分3篮板5助攻本场比赛，詹姆斯回归。首节比赛，湖人打出久违的流畅和高效进攻，单节轰下38分，领先鹈鹕14分。第二节，湖人又习惯性的乏力，单节仅得到17分，鹈鹕不断追分。半场结束时，湖人的领先优势仅剩下4分。第三节比赛，湖人找回感觉，再度将分差拉大到两位数。末节比赛，詹姆斯率队将分差拉大到20分以上，鹈鹕无力追击。最终，湖人120-102大胜鹈鹕。（修楚）,篮球
179,布里奇斯45分创生涯新高 篮网本赛季第4人45+,北京时间2月16日，据相关媒体报道，布鲁克林篮网队主场迎战犹他爵士，本场比赛马卡尔-布里奇斯表现抢眼，帮助球队以116比105战胜对手。本场比赛布里奇斯出战36分钟，24投17中（三分球6投4中）得到全场最高的45分，外加8个篮板和5次助攻2次抢断2次封盖。数据统计显示，布里奇斯的45分创造了其生涯新高，这也是篮网队本赛季第四位单场得分45+的球员，他们也成为NBA历史上单赛季砍下45+人数最多的球队。（珅葳）,篮球
180,约基奇砍三双时掘金25场不败 超魔术师创新高,北京时间2月16日，丹佛掘金队主场迎战达拉斯独行侠，本场比赛约基奇表现抢眼，帮助掘金队以118比109取胜。此役约基奇出战34分钟，虽然只有9次出手，命中了6个运动战进球，拿到14分外加13个篮板和10次助攻。数据统计显示，约基奇在拿到三双数据时，掘金队的连胜场次达到了25场。这一纪录超越了魔术师约翰逊，成为NBA历史上拿三双带队连续取胜场次的最高纪录。（珅葳）,篮球
181,约基奇三双东契奇37+9 欧文缺阵掘金胜独行侠,北京时间2月16日，NBA常规赛，掘金118-109力克独行侠，掘金取得3连胜，独行侠遭遇3连败。掘金（41-18）：约基奇14分13篮板10助攻、波特22分5篮板、杰夫-格林24分、钱查尔12分3篮板、波普14分5篮板5助攻3抢断、布朗10分3篮板6助攻独行侠（31-29）：东契奇37分4篮板9助攻4抢断、伍德17分4篮板2助攻、赖特11分4助攻、劳森10分本场比赛，欧文缺阵。首节比赛，双方紧咬得分，掘金领先独行侠1分。第二节，独行侠手感不佳仅得到19分，掘金打出高潮拉开分差。半场结束时，掘金领先独行侠17分。第三节，东契奇率队苦苦追分，但掘金全民皆兵分差继续拉大。末节比赛，伍德连续得分缩小分差，但掘金仍稳稳把握优势赢下比赛。最终，掘金118-109力克独行侠。（修楚）,篮球
182,[NBA]灰熊117-111击退爵士,,篮球
183,亚历山大29分雷霆大胜火箭37分 火箭遭遇7连败,北京时间2月16日，NBA常规赛，雷霆133-96大胜火箭，火箭遭遇7连败。雷霆（28-29）：亚历山大29分6助攻、杰伦-威廉姆斯13分4篮板、吉迪13分3篮板6助攻、多特15分3篮板3助攻、萨里奇12分5篮板火箭（13-45）：史密斯15分9篮板、杰伦-格林14分、泰特11分、伊森10分3篮板、克里斯托弗10分2篮板3助攻首节比赛，雷霆火力全开取得17分领先。第二节，火箭找回手感，但雷霆火力更强，半场轰下76分，领先火箭22分。第三节，雷霆继续恐怖火力，单节轰下40分，一度将分差拉大到40分。末节，比赛失去悬念，进入垃圾时间。最终，雷霆133-96大胜火箭37分。（修楚）,篮球
184,[NBA]雷霆133-96大胜火箭 亚历山大29分,,篮球
185,[NBA]绿军127-109大胜活塞 塔图姆38分,,篮球
186,[NBA]篮网116-105热火 布里奇斯45分,,篮球
187,莫兰特20+8+9奥利尼克空砍28+14 灰熊力克爵士,北京时间2月16日，NBA常规赛，灰熊117-111力克爵士。灰熊（35-22）：杰克逊26分9篮板、贝恩24分6篮板4助攻、莫兰特20分8篮板9助攻、布鲁克斯11分4篮板、阿尔达玛10分3篮板爵士（29-31）：奥利尼克28分14篮板6助攻、克拉克森20分9篮板6助攻、阿巴基17分、塔克15分7篮板7助攻、凯斯勒10分14篮板首节比赛，灰熊三分手感出色取得14分领先。第二节，灰熊手感下滑但爵士也未能给予有效反击，半场结束时，灰熊领先爵士16分。第三节，爵士找回手感，将分差追到个位数。末节，爵士一度将分差追到仅剩1分，但关键失误葬送翻盘良机。最终，灰熊117-111力克爵士。（修楚）,篮球
188,[NBA]76人118-112终结骑士 恩比德29分,,篮球
189,[NBA]尼克斯122-101老鹰,,篮球
190,[NBA]公牛113-117步行者,,篮球
191,[NBA]黄蜂120-110马刺 全队7人得分上双,,篮球
192,恩比德29+14米切尔33分 76人终结骑士7连胜,北京时间2月16日，NBA常规赛，76人118-112险胜骑士，76人取得4连胜，骑士7连胜被终结。76人（38-19）：恩比德29分14篮板5助攻、哈登19分4篮板12助攻、梅尔顿17分4助攻、马克西16分、哈里斯13分、塔克10分3篮板骑士（38-23）：米切尔33分5篮板5助攻、加兰27分6助攻、莫布里23分9篮板、阿伦12分7篮板4助攻首节比赛，恩比德和哈登率队打出31-10的完美开局，取得21分的领先，米切尔和加兰率队追分，首节结束时76人仍领先骑士14分。第二节，骑士陷入得分荒，单节仅得到14分，76人继续将分差拉大。半场结束时，76人领先骑士25分。第三节，骑士开始追分，将分差追回到20分以内。末节比赛，骑士找回状态，一度将分差追到仅剩4分。恩比德连续得分帮助76人锁定胜局。最终，76人118-112险胜骑士。（修楚）,篮球
193,布伦森28+9兰德尔25+11 尼克斯大胜老鹰3连胜,北京时间2月16日，NBA常规赛，尼克斯122-101大胜老鹰，尼克斯取得3连胜。尼克斯（33-27）：布伦森28分9篮板5助攻、兰德尔25分11篮板、巴雷特17分5篮板、奎克利14分4篮板、哈特13分5篮板、托平11分老鹰（29-30）：亨特20分4篮板3助攻、特雷-杨19分11助攻、格里芬12分、卡佩拉10分8篮板首节比赛，尼克斯占得先机取得16分的领先。第二节，布伦森率队继续拉大分差，半场结束时尼克斯领先老鹰22分。第三节，特雷杨率队略微缩小分差。末节，尼克斯再度拉开分差，老鹰无力追击。最终，尼克斯122-101大胜老鹰。（修楚）,篮球
194,布里奇斯45+8+5阿德巴约24+13+6 篮网力克热火,北京时间2月16日，NBA常规赛，篮网116-105力克热火。篮网（34-24）：布里奇斯45分8篮板5助攻、托马斯19分4助攻、卡梅隆-约翰逊18分3助攻热火（32-27）：文森特21分3篮板、阿德巴约24分13篮板6助攻、斯特鲁斯18分4篮板、马丁13分7篮板、巴特勒13分3篮板6助首节比赛，双方比分交替领先，篮网领先1分结束第一节。第二节，双方依然紧咬比分。半场结束时，热火领先篮网4分。 第三节，托马斯率领篮网完成反超，篮网领先3分进入最后一节。末节，热火陷入得分荒，布里奇斯率领篮网拉开分差锁定胜局。最终，篮网116-105力克热火。（修楚）,篮球
195,塔图姆38分怀斯曼首秀11+5 凯尔特人大胜活塞,北京时间2月16日，NBA常规赛，凯尔特人127-109大胜活塞。凯尔特人：塔图姆38分9篮板7助攻、布罗格登25分3篮板6助攻、霍福德11分7篮板、怀特11分4篮板6助攻、斯玛特9分7篮板6助攻6抢断活塞：博格达诺维奇28分5篮板、艾维17分5篮板4助攻、斯图尔特14分6篮板、怀斯曼11分5篮板、海斯10分9助攻、迪亚洛10分本场比赛，塔图姆、霍福德和斯玛特复出登场。首节比赛，塔图姆连续得分率队取得5分领先。第二节，凯尔特人连中三分将分差不断扩大。半场结束时，凯尔特人领先活塞15分。第三节，活塞开始反扑，分差一度被缩小到5分。塔图姆站了出来，单节砍下24分稳住优势。末节比赛，活塞追击无力，凯尔特人将分差越拉越大。最终，凯尔特人127-109大胜活塞。（修楚）,篮球
196,希尔德27分拉文35+11+7 步行者逆转公牛止连败,北京时间2月16日，NBA常规赛，步行者117-113逆转险胜公牛，步行者终结5连败，公牛遭遇5连败。步行者（26-34）：希尔德27分4篮板、内史密斯21分7篮板3助攻、特纳17分9篮板、哈利伯顿16分8助攻、马瑟林14分4篮板、杜阿尔特14分公牛（26-32）：拉文35分11篮板7助攻、武切维奇19分7篮板、怀特25分、多孙穆15分4篮板5助攻、帕特里克威廉姆斯11分首节比赛，步行者进攻手感不佳，单节仅得到15分，公牛首节就取得了24分的领先。第二节，步行者找回手感，将分差追到16分。第三节，步行者越打越好，单节轰下40分，将分差缩小到仅剩4分。末节，步行者很快完成反超，双方陷入焦灼，关键时刻步行者连续罚球命中锁定胜局。最终，步行者117-113逆转险胜公牛。（修楚）,篮球
197,三球28+12+10华盛顿22+10 黄蜂送马刺14连败,北京时间2月16日，NBA常规赛，黄蜂120-110力克马刺。黄蜂（17-43）：鲍尔28分12篮板10助攻、华盛顿22分10篮板、海沃德16分6篮板3助攻、威廉姆斯12分10篮板4帽、米哈伊柳克12分、麦戈文斯11分3助攻、史密斯10分5篮板9助攻、马刺（14-45）：布兰纳姆23分6篮板3助攻、凯尔登-约翰逊21分8篮板4助攻、麦克德莫特17分4篮板、科林斯14分11篮板5助攻、迪奥普12分6篮板、格拉汉姆10分4篮板4助攻首节比赛，双方紧咬比分，以32平结束第一节。第二节，三球率队取得3分领先。第三节，马刺陷入得分荒，黄蜂将分差拉大。末节比赛，黄蜂保持住领先，三球拿到三双率队拉开分差。最终 ，黄蜂120-110力克马刺。（修楚）,篮球
198,不去湖人？名记爆料欧文很可能选择留守达拉斯,北京时间2月16日，据相关媒体报道，凯里-欧文被布鲁克林篮网队交易到达拉斯独行侠之前，一直有意想要加入洛杉矶湖人。不过这个想法很可能在近期有所改变。ESPN篮球记者沃神爆料，欧文很可能会在今年夏天成为自由球员之后，继续留在达拉斯打球。“我认为有很大的可能性欧文会继续呆在达拉斯，因为独行侠队对他的投入以及他想要获得理想合同的机会。”沃神说道。今年夏天欧文将成为不受限制的自由球员，此前他希望拿到一份长约顶薪，篮网队并没有答应他的请求，目前独行侠有可能会满足欧文的要求。（珅葳）,篮球
199,哈登为何聘经纪人？为休赛期和剩余生涯做准备,北京时间2月16日，哈登开始聘请经纪人。《The Athletic》的Shams谈到此事，认为哈登是在为休赛期和剩余剩余生涯做准备了。此前据名记Shams报道，哈登聘请前阿迪达斯高管特洛伊-佩恩担任全职经纪人。这也是哈登自2017年以来首次聘请全职经纪人，此前他的经纪人为佩林卡，但佩林卡后来去到湖人担任总经理一职。哈登去年夏天与76人签下了两年合同，他本赛季拥有球员选项，可以在赛季结束后选择成为自由球员。Shams节目中也谈到了哈登聘请全职经纪人，他表示：“詹姆斯-哈登已经开始为休赛期、还有剩余的职业生涯做准备做打算了。”哈登的合同今年到期，他可以选择跳出最后一年的合同，成为完全自由球员。（魑魅）,篮球
